,Year,Model,Condition,Consumer_Rating,Exterior_Color,Interior_Color,Drivetrain,MPG,Fuel_Type,Transmission,Engine,Mileage,Comfort_Rating,Interior_Design_Rating,Performance_Rating,Value_For_Money_Rating,Exterior_Styling_Rating,Reliability_Rating,State,Seller_Type,Price
0,2022,74,2,4.5,58,3,1,11,0,9,20,8209,5.0,5.0,4.9,5.0,4.9,5.0,13,0,33814.58
1,2022,85,1,5.0,24,15,1,13,0,9,20,10,5.0,5.0,5.0,5.0,5.0,5.0,1,0,34556.08
2,2023,76,1,3.6,42,3,1,34,0,2,19,5,4.9,4.2,4.8,4.5,4.9,4.9,46,0,32155.232
3,2023,19,1,4.7,44,15,2,34,0,12,1,5,4.7,5.0,4.1,4.6,4.7,4.8,8,0,32045.338
4,2019,72,2,4.9,42,3,2,16,0,9,20,10340,4.8,4.7,4.7,4.6,4.7,4.8,8,0,29641.994
5,2018,0,2,4.8,5,3,2,61,0,12,4,24735,4.8,4.8,4.7,4.7,4.8,4.8,5,0,23211.15
6,2021,72,2,4.4,58,3,2,16,0,9,20,16090,4.9,4.7,4.8,4.6,4.8,4.8,25,0,29941.959
7,2023,78,1,5.0,23,3,2,34,0,2,22,4,4.7,4.3,5.0,4.4,4.3,4.9,42,0,31260.994
8,2023,79,1,4.8,58,15,1,34,0,10,19,5,5.0,4.7,5.0,4.6,5.0,4.9,39,0,32470.668
9,2019,73,2,4.1,50,11,1,11,0,9,20,20219,4.8,4.7,4.7,4.6,4.7,4.8,4,0,30135.203
10,2023,56,1,5.0,57,3,1,34,0,12,10,47,4.0,5.0,4.0,5.0,5.0,5.0,21,0,28301.523
11,2020,55,0,3.9,24,3,1,45,0,12,8,26505,4.7,4.8,4.7,4.8,4.8,4.7,21,0,22819.152
12,2022,13,1,3.1,24,3,2,55,0,12,4,5,5.0,5.0,5.0,5.0,5.0,5.0,13,0,27041.424
13,2022,74,2,5.0,58,3,1,11,0,9,20,593,5.0,5.0,4.9,5.0,4.9,5.0,16,0,34120.84
14,2022,85,1,4.8,57,15,2,18,0,9,20,5,5.0,5.0,5.0,5.0,5.0,5.0,14,0,33429.83
15,2019,73,2,4.9,66,11,2,16,0,9,20,10722,4.8,4.7,4.7,4.6,4.7,4.8,8,0,29641.994
16,2020,13,2,4.8,5,3,2,55,0,12,4,17797,4.8,4.8,4.8,4.8,4.9,4.9,13,0,23078.232
17,2023,28,1,4.9,58,3,2,34,0,12,10,6,4.5,5.0,4.9,4.2,4.9,4.7,6,0,29547.361
18,2011,77,2,4.7,1,11,0,2,0,5,21,188345,4.7,4.4,4.4,4.4,4.5,4.6,26,0,6630.671
19,2023,68,1,4.9,5,3,2,34,0,3,20,6,5.0,5.0,4.0,4.0,4.0,5.0,13,0,34712.305
20,2022,14,1,5.0,76,3,2,31,0,2,12,10,5.0,5.0,5.0,5.0,5.0,5.0,29,0,28477.656
21,2023,39,1,4.9,83,11,1,72,1,13,23,21,5.0,3.0,4.0,4.0,5.0,5.0,17,0,27776.547
22,2023,63,1,4.6,83,3,2,34,0,15,20,0,5.0,5.0,4.0,4.0,4.0,5.0,20,0,36687.188
23,2023,94,1,5.0,57,3,1,34,0,9,20,10,5.0,4.8,4.8,4.2,5.0,5.0,42,0,40962.875
24,2022,89,1,5.0,58,3,1,12,0,9,20,7,5.0,5.0,5.0,5.0,5.0,5.0,12,0,33883.906
25,2022,26,2,4.3,76,18,2,49,0,8,4,14077,4.2,4.0,4.5,4.2,4.5,5.0,40,0,29691.146
26,2018,35,2,4.7,3,11,2,50,0,12,4,62285,4.8,4.7,4.7,4.6,4.7,4.7,16,0,20841.979
27,2022,85,1,5.0,58,3,1,13,0,9,20,10,5.0,5.0,5.0,5.0,5.0,5.0,25,0,34556.08
28,2022,89,1,5.0,76,3,1,12,0,9,20,5,5.0,5.0,5.0,5.0,5.0,5.0,12,0,35316.76
29,2015,44,2,4.2,24,15,2,74,1,1,23,76372,4.5,4.7,4.7,4.9,4.9,5.0,13,0,15820.773
30,2022,71,1,4.8,49,11,1,11,0,9,20,2,5.0,5.0,4.9,5.0,4.9,5.0,15,0,23768.291
31,2023,56,1,4.6,54,3,2,34,0,10,10,5,4.0,5.0,4.0,5.0,5.0,5.0,40,0,31427.762
32,2020,61,2,5.0,58,15,2,15,0,2,20,44420,4.8,4.8,4.7,4.6,4.7,4.7,8,0,30779.95
33,2022,40,2,4.4,63,11,1,73,1,12,14,15770,4.6,4.9,4.5,4.6,4.8,4.7,22,0,25187.85
34,2022,13,2,4.9,69,3,2,55,0,12,4,3617,5.0,5.0,5.0,5.0,5.0,5.0,16,0,26817.195
35,2023,89,1,4.3,76,3,1,34,0,2,19,12,4.5,4.6,4.3,4.6,4.5,5.0,21,0,32535.78
36,2020,71,2,4.6,36,15,1,11,0,9,20,14005,4.9,4.8,4.8,4.6,4.8,4.8,29,0,33563.043
37,2021,24,2,4.2,29,11,2,61,0,12,13,15802,4.6,4.7,4.7,4.6,4.8,4.6,11,0,25487.793
38,2019,70,2,5.0,42,15,1,11,0,10,33,27170,4.8,4.7,4.7,4.6,4.7,4.8,33,0,31691.758
39,2023,35,1,4.7,58,3,1,34,0,12,4,5,5.0,5.0,5.0,4.0,4.0,5.0,10,0,33327.5
40,2020,94,2,5.0,24,3,2,13,0,9,20,62327,4.8,4.7,4.6,4.5,4.7,4.7,8,0,28806.33
41,2022,85,1,5.0,58,3,1,13,0,9,20,0,5.0,5.0,5.0,5.0,5.0,5.0,25,0,35374.79
42,2019,96,2,4.8,42,11,2,13,0,7,20,79967,4.9,4.8,4.8,4.6,4.7,4.9,39,0,24820.186
43,2019,36,2,5.0,24,3,2,50,0,12,4,38370,4.8,4.8,4.7,4.7,4.8,4.8,2,0,27524.654
44,2020,28,2,4.6,69,3,2,57,0,12,13,48365,4.8,4.8,4.9,4.8,4.9,4.9,1,0,22801.426
45,2022,89,1,5.0,76,3,1,12,0,9,20,4,5.0,5.0,5.0,5.0,5.0,5.0,16,0,35897.523
46,2022,13,1,4.8,79,15,2,55,0,12,4,5,5.0,5.0,5.0,5.0,5.0,5.0,9,0,27041.424
47,2023,95,1,4.8,83,15,1,34,0,9,20,7,5.0,4.8,4.8,4.2,5.0,5.0,40,0,42733.24
48,2016,63,2,4.7,69,1,2,15,0,7,21,87512,4.8,4.6,4.7,4.6,4.7,4.8,12,0,24579.48
49,2019,94,2,4.8,9,11,1,8,0,7,20,58583,4.9,4.8,4.8,4.6,4.7,4.9,39,0,29925.02
50,2019,78,2,4.5,77,11,1,9,0,7,20,23334,4.8,4.7,4.7,4.6,4.7,4.8,33,0,31289.834
51,2022,57,0,4.9,24,3,2,84,1,12,5,19973,4.7,4.6,4.7,3.6,4.9,5.0,20,0,25049.61
52,2022,36,1,4.8,58,3,1,46,0,12,4,3,4.9,4.8,4.7,4.8,4.7,4.9,6,0,32697.744
53,2018,34,2,4.0,69,3,2,34,1,12,5,37921,4.8,4.7,4.6,4.6,4.4,4.7,12,0,28817.373
54,2021,8,2,4.0,63,11,2,76,1,12,14,28945,4.7,4.5,4.5,4.4,4.6,4.4,13,0,24904.166
55,2023,35,1,5.0,15,0,2,50,0,13,23,6,5.0,5.0,5.0,4.0,4.0,5.0,4,0,32400.223
56,2019,41,2,4.9,29,15,2,40,0,12,16,46988,4.8,4.8,4.7,4.7,4.8,4.8,8,0,23931.893
57,2023,70,1,4.7,58,15,1,34,0,10,20,5,4.8,4.6,5.0,4.3,4.6,4.8,4,0,31190.484
58,2018,36,2,4.0,4,19,1,47,0,12,4,11237,4.8,4.7,4.7,4.6,4.7,4.7,12,0,28261.52
59,2022,74,1,4.8,64,3,1,11,0,9,20,11,5.0,5.0,4.9,5.0,4.9,5.0,44,0,35187.348
60,2020,17,2,4.8,83,1,2,31,0,2,23,53122,4.8,4.8,4.8,4.8,4.9,4.9,41,0,23932.879
61,2022,85,1,4.8,58,3,1,13,0,9,20,8,5.0,5.0,5.0,5.0,5.0,5.0,40,0,34705.332
62,2022,70,1,4.9,58,11,1,11,0,9,20,10,5.0,5.0,4.9,5.0,4.9,5.0,40,0,35159.223
63,2023,30,1,4.7,76,3,2,34,0,12,4,10,4.9,5.0,5.0,4.4,4.5,5.0,44,0,30462.785
64,2008,19,2,4.4,1,11,2,42,0,6,8,15630,4.2,4.4,4.3,4.5,4.5,4.7,36,0,16196.888
65,2013,81,2,4.4,59,3,0,4,0,5,21,88292,4.6,4.5,4.4,4.6,4.4,4.7,6,0,15402.189
66,2022,78,1,5.0,58,3,1,13,0,9,20,12,5.0,5.0,5.0,5.0,5.0,5.0,12,0,34931.62
67,2023,94,1,5.0,64,3,1,34,0,10,20,5,5.0,4.8,4.8,4.2,5.0,5.0,40,0,40849.66
68,2021,10,2,4.3,83,15,2,61,0,12,4,27562,4.9,4.8,4.8,4.8,4.9,4.8,40,0,26589.38
69,2014,25,2,4.2,80,18,2,30,0,8,17,47811,4.5,4.5,4.5,4.6,4.6,4.8,36,0,17419.871
70,2022,13,1,5.0,58,3,2,55,0,12,4,5,5.0,5.0,5.0,5.0,5.0,5.0,12,0,27041.424
71,2023,63,1,4.4,58,15,2,34,0,3,20,5,5.0,5.0,4.0,4.0,4.0,5.0,16,0,38913.527
72,2022,6,1,5.0,36,3,2,76,1,12,14,0,4.9,5.0,5.0,4.9,4.9,5.0,25,0,26513.213
73,2022,59,0,4.6,36,3,2,78,1,12,5,5527,4.6,4.9,5.0,4.7,5.0,4.5,21,0,27578.326
74,2022,13,1,5.0,76,3,2,55,0,12,4,5471,5.0,5.0,5.0,5.0,5.0,5.0,6,0,27191.822
75,2023,61,1,5.0,24,3,2,34,0,2,20,5,5.0,5.0,4.0,4.0,4.0,5.0,42,0,36103.68
76,2023,35,1,4.7,24,3,1,34,0,12,4,14,5.0,5.0,5.0,4.0,4.0,5.0,13,0,33339.06
77,2023,36,1,4.2,78,3,1,34,0,12,4,168,5.0,5.0,5.0,4.0,4.0,5.0,33,0,36588.21
78,2016,78,2,4.8,36,11,1,9,0,7,20,112005,4.7,4.6,4.5,4.4,4.6,4.6,12,0,18648.615
79,2019,71,2,4.9,24,11,1,11,0,9,20,29077,4.8,4.7,4.7,4.6,4.7,4.8,21,0,30182.422
80,2019,71,2,5.0,6,11,2,16,0,9,20,48052,4.8,4.7,4.7,4.6,4.7,4.8,25,0,27183.998
81,2016,21,2,5.0,24,3,2,67,0,12,4,155097,4.6,4.6,4.6,4.6,4.8,4.6,18,0,11893.715
82,2021,71,2,4.9,58,15,2,16,0,9,34,17025,4.9,4.7,4.8,4.6,4.8,4.8,25,0,33749.582
83,2020,63,2,4.7,58,15,2,0,0,2,34,45669,4.8,4.8,4.7,4.6,4.7,4.7,40,0,37412.49
84,2018,3,2,4.8,58,3,2,35,0,2,12,57520,4.8,4.8,4.7,4.7,4.8,4.8,38,0,22640.736
85,2023,38,1,4.4,24,3,1,34,1,12,11,3,5.0,3.0,4.0,4.0,5.0,5.0,13,0,30177.787
86,2023,36,1,5.0,24,3,1,34,0,12,4,6,5.0,5.0,5.0,4.0,4.0,5.0,12,0,36251.51
87,2023,95,2,4.8,9,15,1,34,0,9,20,1000,5.0,4.8,4.8,4.2,5.0,5.0,33,0,41802.14
88,2019,78,2,4.2,84,3,1,9,0,7,20,66153,4.8,4.7,4.7,4.6,4.7,4.8,15,0,26820.514
89,2022,85,1,4.8,58,3,1,13,0,9,20,5,5.0,5.0,5.0,5.0,5.0,5.0,12,0,34688.44
90,2022,13,1,4.8,58,3,2,55,0,12,4,5,5.0,5.0,5.0,5.0,5.0,5.0,14,0,27041.424
91,2018,61,2,4.5,13,1,2,15,0,2,20,37768,4.8,4.7,4.6,4.3,4.7,4.6,44,0,29797.793
92,2016,9,2,4.0,50,11,2,49,0,12,16,93774,4.8,4.7,4.7,4.7,4.8,4.8,22,0,15707.631
93,2022,89,1,4.4,76,3,1,12,0,9,20,11,5.0,5.0,5.0,5.0,5.0,5.0,37,0,34938.527
94,2023,28,1,4.6,65,3,2,34,0,8,10,5,4.8,4.9,4.7,4.6,4.6,4.8,5,0,32708.312
95,2022,59,0,4.5,58,14,2,78,1,12,5,18069,4.9,4.8,4.7,4.8,4.0,4.7,8,0,28022.584
96,2015,12,2,4.0,13,3,2,43,0,12,16,45656,4.7,4.6,4.7,4.7,4.7,4.8,12,0,18243.984
97,2019,64,2,4.2,24,15,2,15,0,9,20,37711,4.8,4.6,4.5,4.3,4.7,4.5,32,0,30280.783
98,2021,84,0,4.3,5,15,1,13,0,9,20,26181,4.9,4.8,4.8,4.7,4.7,4.8,17,0,30624.812
99,2014,47,2,4.8,24,3,0,15,0,7,21,92830,4.8,4.8,5.0,4.6,4.7,4.8,13,0,17680.469
100,2023,35,1,5.0,58,11,1,46,0,17,28,10,5.0,5.0,5.0,4.0,4.0,5.0,13,0,37276.957
101,2019,34,2,4.3,75,3,2,34,1,12,5,54910,4.9,4.9,4.9,5.0,4.7,5.0,4,0,27695.188
102,2021,8,2,4.5,83,14,2,76,1,12,14,24470,4.7,4.5,4.5,4.4,4.6,4.4,1,0,24532.82
103,2015,45,2,4.8,9,3,2,34,1,12,6,41688,4.5,4.7,4.7,4.9,4.9,5.0,12,0,17248.639
104,2021,84,2,4.8,58,11,1,13,0,9,20,26054,4.9,4.8,4.8,4.7,4.7,4.8,33,0,30624.812
105,2021,78,2,4.0,77,11,2,18,0,9,20,34713,4.9,4.8,4.8,4.7,4.7,4.8,13,0,30390.42
106,2022,13,1,4.8,79,3,2,55,0,12,4,5,5.0,5.0,5.0,5.0,5.0,5.0,12,0,27041.424
107,2018,33,2,4.4,5,3,2,34,1,12,5,33638,4.8,4.7,4.6,4.6,4.4,4.7,14,0,29127.38
108,2022,61,1,4.3,58,15,2,15,0,2,20,2,4.3,4.4,4.3,4.1,4.3,4.3,22,0,36089.777
109,2014,36,2,4.8,24,3,2,34,0,5,17,104256,4.5,4.5,4.5,4.5,4.6,4.7,35,0,16609.023
110,2023,70,1,5.0,64,3,1,34,0,10,20,0,5.0,5.0,5.0,4.6,4.6,4.8,25,0,34062.316
111,2018,82,2,4.6,5,11,2,14,0,7,20,38563,4.7,4.6,4.7,4.5,4.6,4.7,8,0,29307.283
112,2023,36,1,5.0,36,3,1,34,0,12,4,5,5.0,5.0,5.0,4.0,4.0,5.0,3,0,36246.785
113,2022,85,1,3.8,76,3,1,13,0,9,20,11,5.0,5.0,5.0,5.0,5.0,5.0,44,0,34471.53
114,2019,35,2,3.3,83,3,1,47,0,13,23,15269,4.8,4.8,4.7,4.7,4.8,4.8,45,0,26522.062
115,2023,89,1,4.7,76,15,1,34,0,10,19,18,4.8,4.4,4.6,5.0,4.1,5.0,3,0,32248.95
116,2022,85,1,4.9,58,3,1,13,0,10,34,7,5.0,5.0,5.0,5.0,5.0,5.0,4,0,37710.215
117,2023,35,1,4.6,58,15,1,34,0,12,4,10,5.0,5.0,5.0,4.0,4.0,5.0,39,0,33365.598
118,2020,97,2,5.0,42,3,1,11,0,9,20,38492,4.8,4.7,4.6,4.5,4.7,4.7,33,0,30376.2
119,2022,70,2,4.9,76,3,1,11,0,9,20,16275,5.0,5.0,4.9,5.0,4.9,5.0,29,0,32315.395
120,2023,39,1,4.4,63,7,1,72,1,13,23,0,5.0,3.0,4.0,4.0,5.0,5.0,20,0,28487.258
121,2022,36,1,4.5,83,15,1,46,0,12,4,35,4.9,4.8,4.7,4.8,4.7,4.9,29,0,33293.285
122,2017,63,2,4.4,42,11,2,14,0,7,21,59447,4.8,4.6,4.8,4.6,4.7,4.8,32,0,28615.979
123,2022,85,1,4.3,58,3,1,13,0,9,20,12,5.0,5.0,5.0,5.0,5.0,5.0,3,0,34471.53
124,2023,93,1,4.7,24,3,1,34,0,10,20,3,5.0,4.8,4.8,4.2,5.0,5.0,36,0,40666.062
125,2016,19,2,5.0,24,3,2,66,0,12,13,31355,4.6,4.6,4.6,4.6,4.8,4.6,21,0,18231.016
126,2019,36,2,4.8,50,11,1,47,0,12,4,26114,4.8,4.8,4.7,4.7,4.8,4.8,29,0,27587.54
127,2022,85,1,4.6,76,3,1,13,0,9,20,5,5.0,5.0,5.0,5.0,5.0,5.0,5,0,34688.44
128,2022,13,1,5.0,76,3,2,55,0,12,4,255,5.0,5.0,5.0,5.0,5.0,5.0,13,0,27312.799
129,2018,17,0,5.0,42,11,2,55,0,17,28,14864,4.8,4.8,4.7,4.7,4.8,4.8,29,0,26619.39
130,2019,68,2,4.1,29,11,2,15,0,2,34,46336,4.8,4.6,4.5,4.3,4.7,4.5,8,0,30483.352
131,2015,0,2,4.8,32,3,2,48,0,12,16,78323,4.7,4.6,4.7,4.7,4.7,4.8,32,0,14287.035
132,2017,4,2,4.9,58,15,2,82,1,13,23,83511,4.8,4.8,4.7,4.6,4.9,4.8,17,0,18828.408
133,2021,97,0,3.9,58,3,1,7,0,10,33,21458,4.9,4.7,4.7,4.5,4.9,4.6,45,0,34562.363
134,2022,6,2,4.3,58,3,2,76,1,12,14,12271,4.9,5.0,5.0,4.9,4.9,5.0,32,0,26959.902
135,2022,14,2,4.5,79,3,2,31,0,2,12,4261,5.0,5.0,5.0,5.0,5.0,5.0,22,0,27893.68
136,2021,40,2,2.8,50,11,1,73,1,12,14,23701,4.8,4.8,4.8,4.7,4.8,4.8,40,0,23236.426
137,2023,39,1,4.0,58,11,1,34,1,12,11,1,5.0,3.0,4.0,4.0,5.0,5.0,13,0,31029.762
138,2023,80,1,2.7,36,11,1,34,0,10,19,0,5.0,4.6,4.2,4.7,5.0,4.5,42,0,33163.43
139,2022,84,1,4.5,25,1,1,13,0,9,20,8,5.0,5.0,5.0,5.0,5.0,5.0,29,0,34705.332
140,2021,88,2,3.9,50,11,1,13,0,10,33,34907,4.9,4.8,4.8,4.7,4.7,4.8,45,0,33894.51
141,2021,71,2,3.5,50,11,1,11,0,9,20,34443,4.9,4.7,4.8,4.6,4.8,4.8,33,0,30341.049
142,2023,36,1,3.9,82,3,2,34,0,12,2,6,5.0,5.0,5.0,4.0,4.0,5.0,4,0,38209.91
143,2023,56,1,5.0,58,3,1,34,0,12,10,5,4.0,5.0,4.0,5.0,5.0,5.0,12,0,28096.768
144,2020,61,2,4.9,36,11,2,15,0,2,20,34082,4.8,4.8,4.7,4.6,4.7,4.7,12,0,32093.568
145,2022,89,1,4.6,76,15,1,12,0,9,20,8,5.0,5.0,5.0,5.0,5.0,5.0,12,0,35172.33
146,2022,63,2,4.3,83,3,2,15,0,2,20,13325,4.3,4.4,4.3,4.1,4.3,4.3,42,0,36729.742
147,2022,28,2,4.1,5,11,2,60,0,12,10,15475,4.6,4.9,4.4,4.6,4.6,4.7,40,0,29643.666
148,2018,2,2,4.7,50,3,2,61,0,12,4,95131,4.8,4.8,4.7,4.7,4.8,4.8,31,0,20994.574
149,2019,73,2,4.7,58,15,2,16,0,9,20,34000,4.8,4.7,4.7,4.6,4.7,4.8,40,0,28255.734
150,2023,89,1,4.9,73,3,1,34,0,2,19,10,4.8,3.6,4.9,4.8,4.9,4.7,40,0,32152.67
151,2021,70,2,3.8,58,11,1,11,0,9,20,10714,4.9,4.7,4.8,4.6,4.8,4.8,35,0,31983.275
152,2018,34,2,4.0,31,1,2,34,1,12,5,56576,4.8,4.7,4.6,4.6,4.4,4.7,12,0,26496.146
153,2022,94,1,5.0,53,3,1,7,0,9,20,23,5.0,4.9,4.9,4.3,4.7,5.0,9,0,41512.914
154,2022,89,1,5.0,58,3,1,12,0,9,20,3,5.0,5.0,5.0,5.0,5.0,5.0,25,0,32283.135
155,2021,14,2,4.8,5,3,2,31,0,2,12,21979,4.9,4.8,4.8,4.8,4.9,4.8,5,0,26076.523
156,2023,68,1,4.8,62,1,2,34,0,2,20,5,5.0,5.0,4.0,4.0,4.0,5.0,33,0,34553.703
157,2019,72,2,4.5,5,3,1,11,0,9,20,28631,4.8,4.7,4.7,4.6,4.7,4.8,44,0,30154.35
158,2020,41,2,4.8,63,11,1,46,0,14,23,34260,4.9,4.8,4.8,4.8,4.9,4.9,45,0,24426.566
159,2018,19,2,3.9,20,11,2,65,0,17,32,76707,4.7,4.7,4.8,4.8,4.9,4.8,21,0,20962.555
160,2022,89,1,4.4,23,3,1,12,0,9,20,5,5.0,5.0,5.0,5.0,5.0,5.0,4,0,35316.76
161,2023,61,1,5.0,64,1,2,34,0,10,20,20,5.0,5.0,4.0,4.0,4.0,5.0,9,0,36275.086
162,2013,58,2,4.9,83,11,2,76,1,12,0,60481,4.4,4.5,4.3,4.6,4.4,4.6,8,0,15073.961
163,2022,85,1,5.0,76,3,1,13,0,9,20,13,5.0,5.0,5.0,5.0,5.0,5.0,12,0,34471.53
164,2020,26,2,4.4,83,3,2,44,0,8,4,41000,4.8,4.8,4.8,4.8,4.9,4.9,42,0,24394.604
165,2020,78,2,5.0,66,1,2,14,0,7,20,41771,4.6,4.5,4.2,4.1,4.5,4.1,25,0,30744.943
166,2022,89,1,4.8,76,3,1,12,0,9,20,3,5.0,5.0,5.0,5.0,5.0,5.0,4,0,32283.135
167,2022,70,1,4.7,50,11,1,11,0,9,20,9352,5.0,5.0,4.9,5.0,4.9,5.0,44,0,33626.195
168,2023,26,1,4.6,69,15,2,34,0,8,4,56,4.8,5.0,4.6,4.7,4.7,4.5,4,0,32334.064
169,2022,63,0,4.8,42,3,2,15,0,2,20,21668,4.3,4.4,4.3,4.1,4.3,4.3,12,0,36765.844
170,2023,39,1,4.7,58,3,1,34,1,12,11,7,5.0,3.0,4.0,4.0,5.0,5.0,13,0,30534.72
171,2006,49,2,4.4,9,12,2,27,0,4,17,127128,4.2,4.4,4.1,4.5,4.5,4.6,8,0,5848.368
172,2022,62,2,4.3,9,1,2,15,0,2,20,19914,4.3,4.4,4.3,4.1,4.3,4.3,13,0,33540.26
173,2023,70,1,4.7,76,3,1,34,0,9,20,0,5.0,4.8,5.0,4.0,5.0,4.9,13,0,33845.5
174,2019,57,2,3.7,5,15,2,84,1,13,23,57150,4.6,4.8,4.5,4.7,4.8,4.8,8,0,20828.379
175,2021,84,2,4.2,42,3,1,13,0,9,20,36318,4.9,4.8,4.8,4.7,4.7,4.8,32,0,30446.383
176,2023,7,1,4.8,69,3,2,34,1,12,11,12,4.6,4.5,5.0,4.7,4.9,4.8,8,0,27004.137
177,2023,93,1,5.0,57,3,1,34,0,9,20,10,5.0,4.8,4.8,4.2,5.0,5.0,8,0,40962.875
178,2022,28,2,4.8,24,3,2,60,0,12,10,33414,4.6,4.9,4.4,4.6,4.6,4.7,33,0,27966.035
179,2020,61,2,4.4,24,11,2,15,0,2,20,41053,4.8,4.8,4.7,4.6,4.7,4.7,45,0,31157.025
180,2023,76,1,4.3,83,10,1,12,0,2,34,1,4.6,4.7,4.7,4.0,5.0,5.0,41,0,40073.836
181,2017,35,2,4.8,9,11,1,47,0,12,4,71043,4.8,4.8,4.7,4.7,4.8,4.8,13,0,18511.59
182,2022,15,1,5.0,79,3,2,55,0,12,4,2,5.0,5.0,5.0,5.0,5.0,5.0,16,0,27248.75
183,2020,24,0,4.6,21,3,2,61,0,12,13,14943,4.8,4.8,4.9,4.8,4.9,4.9,20,0,23248.404
184,2015,62,2,4.7,29,11,2,15,0,7,21,105362,4.8,4.6,4.7,4.6,4.7,4.8,13,0,18193.629
185,2022,89,1,5.0,29,3,1,12,0,9,20,5,5.0,5.0,5.0,5.0,5.0,5.0,36,0,35316.76
186,2023,71,1,4.6,24,3,1,34,0,9,20,7,4.9,4.3,4.7,4.4,4.7,4.7,31,0,32870.582
187,2023,39,1,3.9,63,3,1,72,1,17,25,1,5.0,3.0,4.0,4.0,5.0,5.0,45,0,28714.396
188,2021,73,2,4.8,26,11,2,16,0,9,20,16623,4.9,4.7,4.8,4.6,4.8,4.8,4,0,29706.266
189,2023,28,1,4.6,76,15,2,34,0,12,10,8,4.8,4.9,4.6,4.1,5.0,4.8,12,0,30118.033
190,2020,77,2,5.0,36,11,2,14,0,7,20,53295,4.6,4.5,4.2,4.1,4.5,4.1,3,0,29100.605
191,2023,54,1,4.8,24,3,1,34,0,12,10,3,4.0,5.0,4.0,5.0,5.0,5.0,42,0,28127.098
192,2022,78,1,4.6,36,15,1,13,0,9,20,10,5.0,5.0,5.0,5.0,5.0,5.0,12,0,35016.168
193,2014,36,2,4.8,3,1,2,34,0,5,17,69266,4.5,4.5,4.5,4.5,4.6,4.7,35,0,18797.953
194,2022,13,1,4.9,36,3,2,55,0,12,4,11,5.0,5.0,5.0,5.0,5.0,5.0,29,0,26831.65
195,2022,84,1,5.0,24,3,1,13,0,9,20,6,5.0,5.0,5.0,5.0,5.0,5.0,16,0,34417.652
196,2019,32,0,3.0,18,18,2,28,0,8,12,47179,4.6,4.7,5.0,4.8,4.8,4.8,33,0,28848.63
197,2022,85,2,5.0,36,3,1,13,0,9,20,9144,5.0,5.0,5.0,5.0,5.0,5.0,20,0,32846.16
198,2022,78,1,4.6,42,3,1,13,0,9,20,100,5.0,5.0,5.0,5.0,5.0,5.0,19,0,34175.35
199,2020,68,2,4.9,53,15,2,15,0,2,20,33016,4.8,4.8,4.7,4.6,4.7,4.7,29,0,30285.758
200,2023,94,1,4.8,66,3,1,34,0,9,20,6,5.0,4.8,4.8,4.2,5.0,5.0,40,0,40785.77
201,2022,43,1,4.7,24,3,1,46,0,12,4,3,4.9,4.8,4.7,4.8,4.7,4.9,8,0,25496.217
202,2020,40,2,4.5,58,3,1,73,1,13,23,19599,4.7,4.6,4.3,4.3,4.6,4.6,1,0,23040.057
203,2022,85,1,4.6,24,3,1,13,0,9,20,3,5.0,5.0,5.0,5.0,5.0,5.0,40,0,32648.797
204,2022,85,1,5.0,76,15,1,13,0,9,20,10,5.0,5.0,5.0,5.0,5.0,5.0,1,0,34556.08
205,2016,0,2,4.7,69,15,2,49,0,13,23,13893,4.8,4.7,4.7,4.7,4.8,4.8,45,0,21562.293
206,2022,56,1,4.8,36,3,1,39,0,12,8,5,3.8,3.2,3.6,3.6,4.2,4.2,6,0,27486.129
207,2023,36,1,4.6,82,15,1,34,0,12,4,8,5.0,5.0,5.0,4.0,4.0,5.0,12,0,36449.047
208,2023,80,1,4.9,58,3,1,34,0,2,19,0,5.0,4.8,4.5,4.3,4.9,4.3,33,0,33484.242
209,2022,13,1,5.0,79,3,2,55,0,12,4,5,5.0,5.0,5.0,5.0,5.0,5.0,12,0,27041.424
210,2008,35,2,5.0,69,3,0,17,0,5,17,163410,4.4,4.4,4.3,4.6,4.4,4.8,36,0,8554.888
211,2023,35,1,4.8,58,3,1,46,0,17,28,0,5.0,5.0,5.0,4.0,4.0,5.0,9,0,37840.746
212,2022,78,1,3.7,42,3,1,13,0,9,20,2,5.0,5.0,5.0,5.0,5.0,5.0,10,0,34018.363
213,2016,86,2,4.5,9,1,1,13,0,9,20,115761,4.7,4.6,4.5,4.4,4.6,4.6,25,0,16973.393
214,2019,26,2,4.0,36,3,2,52,0,8,4,34829,4.7,4.8,4.7,4.8,4.8,4.9,16,0,24733.418
215,2023,36,1,4.8,45,3,1,34,0,12,4,6,5.0,5.0,5.0,4.0,4.0,5.0,12,0,36251.51
216,2022,89,1,4.6,76,15,1,12,0,9,20,5,5.0,5.0,5.0,5.0,5.0,5.0,39,0,35316.76
217,2020,36,2,4.8,76,11,1,46,0,12,4,34773,4.9,4.8,4.8,4.8,4.9,4.9,46,0,28777.354
218,2020,26,2,4.9,36,3,2,44,0,8,4,23519,4.8,4.8,4.8,4.8,4.9,4.9,32,0,25684.146
219,2017,35,2,4.7,84,15,2,50,0,12,4,100520,4.8,4.8,4.7,4.7,4.8,4.8,8,0,17808.521
220,2022,84,1,5.0,29,3,1,13,0,9,20,4,5.0,5.0,5.0,5.0,5.0,5.0,36,0,35053.676
221,2022,85,1,4.8,58,3,1,13,0,9,20,5,5.0,5.0,5.0,5.0,5.0,5.0,36,0,34688.44
222,2022,85,1,5.0,58,3,1,13,0,9,20,3,5.0,5.0,5.0,5.0,5.0,5.0,18,0,32648.797
223,2023,74,1,4.3,58,3,1,34,0,9,20,5,4.9,4.4,5.0,4.7,5.0,4.8,4,0,32157.758
224,2008,36,2,4.5,83,15,0,17,0,5,17,179559,4.4,4.4,4.3,4.6,4.4,4.8,44,0,9392.402
225,2022,13,1,5.0,79,3,2,55,0,12,4,533,5.0,5.0,5.0,5.0,5.0,5.0,46,0,27132.535
226,2023,36,1,4.8,58,15,1,34,0,16,4,4,5.0,5.0,5.0,4.0,4.0,5.0,33,0,36851.887
227,2022,85,0,4.5,58,3,1,13,0,9,20,785,5.0,5.0,5.0,5.0,5.0,5.0,21,0,32974.88
228,2023,26,1,4.8,0,18,2,34,0,8,4,4,4.9,4.0,4.8,4.0,4.6,4.8,29,0,30161.088
229,2020,53,2,4.7,42,3,1,39,0,12,8,10871,4.7,4.8,4.7,4.8,4.8,4.7,33,0,26254.832
230,2017,86,2,4.7,58,15,1,13,0,9,20,42671,4.8,4.7,4.7,4.6,4.7,4.7,38,0,24149.902
231,2019,61,2,5.0,24,11,2,15,0,2,20,63697,4.8,4.6,4.5,4.3,4.7,4.5,43,0,27373.967
232,2023,28,1,4.6,24,15,2,34,0,12,10,5,4.6,4.9,4.1,4.7,5.0,4.9,39,0,29981.945
233,2023,36,1,5.0,56,3,1,34,0,12,4,5,5.0,5.0,5.0,4.0,4.0,5.0,28,0,36246.785
234,2021,61,2,4.9,83,15,2,15,0,2,20,19927,5.0,5.0,4.9,4.8,4.8,5.0,13,0,34176.527
235,2022,89,1,4.8,58,3,1,12,0,9,20,4381,5.0,5.0,5.0,5.0,5.0,5.0,16,0,33466.125
236,2020,51,0,3.9,24,3,2,63,0,17,31,29148,4.7,4.6,4.7,4.8,4.5,4.8,45,0,26049.559
237,2022,25,2,4.2,5,18,2,49,0,15,27,2090,4.2,4.0,4.5,4.2,4.5,5.0,21,0,33294.08
238,2014,69,2,4.4,84,1,2,15,0,7,21,139077,4.7,4.6,4.6,4.4,4.6,4.8,15,0,14274.778
239,2022,76,1,4.6,24,15,1,13,0,9,20,6,5.0,5.0,5.0,5.0,5.0,5.0,39,0,34874.1
240,2023,36,1,4.4,63,11,1,34,0,12,4,4,5.0,5.0,5.0,4.0,4.0,5.0,12,0,36436.36
241,2022,71,1,4.2,76,3,1,11,0,9,20,8,5.0,5.0,4.9,5.0,4.9,5.0,33,0,35308.477
242,2019,26,2,4.7,36,3,2,52,0,8,4,51383,4.7,4.8,4.7,4.8,4.8,4.9,12,0,23036.13
243,2023,61,1,4.2,62,1,2,34,0,2,20,6,5.0,5.0,4.0,4.0,4.0,5.0,33,0,36147.656
244,2022,78,1,4.5,58,3,1,13,0,9,20,0,5.0,5.0,5.0,5.0,5.0,5.0,10,0,36287.93
245,2022,85,1,4.8,76,3,1,13,0,9,20,5,5.0,5.0,5.0,5.0,5.0,5.0,12,0,34688.44
246,2023,36,1,5.0,63,11,1,46,0,13,23,2,5.0,5.0,5.0,4.0,4.0,5.0,4,0,35041.12
247,2022,85,1,5.0,24,3,1,13,0,9,20,3,5.0,5.0,5.0,5.0,5.0,5.0,25,0,32648.797
248,2022,75,1,4.2,76,3,1,13,0,9,20,14,5.0,5.0,5.0,5.0,5.0,5.0,42,0,34934.6
249,2022,93,2,4.6,24,3,1,7,0,9,20,7562,5.0,4.9,4.9,4.3,4.7,5.0,22,0,40683.316
250,2014,36,2,4.5,66,11,1,29,0,5,17,131621,4.5,4.5,4.5,4.5,4.6,4.7,5,0,14953.385
251,2018,78,2,4.7,84,1,1,9,0,7,20,43178,4.7,4.6,4.7,4.5,4.6,4.7,9,0,28586.662
252,2022,75,1,4.8,22,3,1,13,0,9,20,4,5.0,5.0,5.0,5.0,5.0,5.0,12,0,35510.125
253,2023,67,1,2.2,24,3,2,34,0,2,20,3,5.0,5.0,4.0,4.0,4.0,5.0,20,0,33902.785
254,2022,78,1,4.5,24,15,1,13,0,9,20,5,5.0,5.0,5.0,5.0,5.0,5.0,44,0,35102.234
255,2021,5,0,4.6,63,14,2,83,1,12,14,5201,4.7,4.5,4.5,4.4,4.6,4.4,39,0,27320.062
256,2019,32,2,4.2,83,17,2,28,0,8,12,26770,4.6,4.7,5.0,4.8,4.8,4.8,5,0,29077.438
257,2022,13,1,4.9,58,3,2,55,0,12,4,10,5.0,5.0,5.0,5.0,5.0,5.0,40,0,26801.893
258,2018,68,2,4.6,66,1,2,15,0,2,20,72713,4.8,4.7,4.6,4.3,4.7,4.6,4,0,24512.99
259,2023,36,1,4.7,45,3,2,34,0,12,4,12,5.0,5.0,5.0,4.0,4.0,5.0,25,0,36343.227
260,2023,93,1,4.4,58,3,1,34,0,10,20,1,5.0,4.8,4.8,4.2,5.0,5.0,36,0,42294.38
261,2023,39,1,5.0,79,3,1,34,1,12,11,15,5.0,3.0,4.0,4.0,5.0,5.0,12,0,30477.568
262,2022,13,1,2.9,24,3,2,55,0,12,4,0,5.0,5.0,5.0,5.0,5.0,5.0,18,0,27123.92
263,2022,10,2,4.7,69,3,2,61,0,12,4,14073,5.0,5.0,5.0,5.0,5.0,5.0,4,0,28073.89
264,2023,39,1,4.4,79,3,1,34,1,1,11,4,5.0,3.0,4.0,4.0,5.0,5.0,16,0,33440.555
265,2022,40,0,5.0,42,3,1,73,1,12,14,11743,4.6,4.9,4.5,4.6,4.8,4.7,22,0,25558.14
266,2023,36,1,4.7,36,7,1,46,0,13,23,71,5.0,5.0,5.0,4.0,4.0,5.0,20,0,35274.914
267,2023,19,1,5.0,36,3,2,34,0,12,4,14,4.6,4.6,4.4,5.0,4.9,5.0,9,0,27155.637
268,2021,57,2,5.0,42,11,2,84,1,12,5,10648,5.0,5.0,5.0,5.0,5.0,5.0,29,0,28422.963
269,2019,56,2,4.7,0,15,2,50,0,14,23,26314,4.6,4.6,4.4,4.6,4.8,4.7,39,0,23462.023
270,2018,12,2,4.8,24,3,2,55,0,12,4,36027,4.8,4.8,4.7,4.7,4.8,4.8,44,0,24923.828
271,2018,17,2,4.3,33,3,2,55,0,12,4,20865,4.8,4.8,4.7,4.7,4.8,4.8,21,0,22970.338
272,2021,71,0,5.0,50,11,1,11,0,9,20,9121,4.9,4.7,4.8,4.6,4.8,4.8,17,0,31983.275
273,2023,76,1,4.8,35,11,1,34,0,2,19,0,4.7,5.0,5.0,4.7,4.8,5.0,40,0,31700.846
274,2006,50,2,3.9,69,12,2,27,0,4,17,152767,4.2,4.4,4.1,4.5,4.5,4.6,13,0,6067.5938
275,2023,89,1,4.9,76,3,1,6,0,2,34,0,4.6,4.6,4.8,5.0,4.8,4.8,17,0,37335.91
276,2021,84,0,4.9,36,11,1,13,0,9,20,24442,4.9,4.8,4.8,4.7,4.7,4.8,21,0,30462.143
277,2020,28,2,4.9,9,15,2,55,0,12,4,26765,4.8,4.8,4.9,4.8,4.9,4.9,14,0,23963.303
278,2020,10,2,5.0,42,3,2,61,0,12,4,10539,4.8,4.8,4.8,4.8,4.9,4.9,21,0,24943.236
279,2015,83,2,4.0,83,11,0,4,0,5,21,53630,4.8,4.7,4.7,4.8,4.6,4.9,12,0,17367.86
280,2022,35,1,3.9,23,3,1,46,0,17,28,10,4.9,4.8,4.7,4.8,4.7,4.9,45,0,35612.53
281,2022,13,1,4.8,79,3,2,55,0,12,4,3,5.0,5.0,5.0,5.0,5.0,5.0,42,0,27041.814
282,2023,38,2,4.4,9,3,1,34,1,12,11,385,5.0,3.0,4.0,4.0,5.0,5.0,33,0,31047.607
283,2019,12,2,4.7,9,3,2,55,0,12,4,41554,4.7,4.7,4.7,4.7,4.8,4.8,27,0,24789.354
284,2020,13,2,4.6,68,3,2,55,0,12,4,22160,4.8,4.8,4.8,4.8,4.9,4.9,35,0,23741.91
285,2023,35,1,4.7,58,11,1,34,0,12,4,7,5.0,5.0,5.0,4.0,4.0,5.0,13,0,32080.273
286,2023,86,1,5.0,76,3,1,34,0,10,19,1,4.7,4.6,4.8,4.0,4.6,4.8,5,0,30182.723
287,2023,39,1,4.4,58,11,1,34,1,12,11,25,5.0,3.0,4.0,4.0,5.0,5.0,13,0,30397.887
288,2020,71,2,4.8,58,3,1,11,0,9,20,56996,4.9,4.8,4.8,4.6,4.8,4.8,36,0,27618.908
289,2020,37,2,4.1,56,15,1,73,1,12,14,9659,4.7,4.6,4.3,4.3,4.6,4.6,8,0,23006.434
290,2020,72,2,3.9,24,3,2,16,0,9,20,36794,4.9,4.8,4.8,4.6,4.8,4.8,25,0,29755.709
291,2022,78,1,4.8,24,3,2,18,0,9,20,0,5.0,5.0,5.0,5.0,5.0,5.0,40,0,34286.203
292,2023,39,1,4.9,58,3,1,34,1,12,11,0,5.0,3.0,4.0,4.0,5.0,5.0,35,0,31261.676
293,2023,61,1,5.0,50,11,2,34,0,10,20,1,5.0,5.0,4.0,4.0,4.0,5.0,42,0,36561.258
294,2017,19,2,4.2,42,3,2,65,0,12,13,58761,4.7,4.7,4.8,4.8,4.8,4.8,22,0,17289.873
295,2022,19,2,4.6,40,3,2,71,0,12,4,21968,4.6,4.9,4.4,4.6,4.6,4.7,35,0,28669.17
296,2023,76,1,4.8,42,15,1,34,0,2,22,1,4.9,5.0,4.5,5.0,5.0,4.9,12,0,33059.36
297,2021,59,2,5.0,83,11,2,78,1,12,5,21011,5.0,5.0,5.0,5.0,5.0,5.0,42,0,27420.21
298,2021,84,2,5.0,24,3,1,13,0,9,20,33525,4.9,4.8,4.8,4.7,4.7,4.8,27,0,30305.549
299,2023,67,1,4.4,64,3,2,15,0,10,33,5,5.0,5.0,4.0,4.0,4.0,5.0,42,0,39954.31
300,2020,78,0,4.3,23,11,2,14,0,7,20,20109,4.6,4.5,4.2,4.1,4.5,4.1,16,0,32331.414
301,2023,76,1,3.9,76,3,1,12,0,10,30,1,4.6,4.9,4.0,4.5,4.8,4.7,45,0,40310.617
302,2022,55,2,4.7,36,11,1,45,0,13,23,1547,3.8,3.2,3.6,3.6,4.2,4.2,21,0,27033.848
303,2023,79,1,4.7,58,15,1,34,0,10,19,5,4.6,4.1,4.7,4.7,4.6,4.7,8,0,31902.967
304,2019,61,2,4.8,50,11,2,15,0,2,20,70521,4.8,4.6,4.5,4.3,4.7,4.5,8,0,26927.92
305,2023,26,1,4.7,24,18,2,34,0,8,4,11,5.0,4.3,4.9,4.4,4.7,5.0,8,0,32226.232
306,2023,68,1,4.8,64,1,2,34,0,2,20,0,5.0,5.0,4.0,4.0,4.0,5.0,3,0,34233.97
307,2022,85,1,5.0,24,3,1,13,0,9,20,6,5.0,5.0,5.0,5.0,5.0,5.0,4,0,34417.652
308,2019,26,2,4.7,58,15,2,52,0,8,4,36427,4.7,4.8,4.7,4.8,4.8,4.9,3,0,24717.031
309,2022,8,1,4.5,24,15,2,76,1,12,14,4,4.9,5.0,5.0,4.9,4.9,5.0,40,0,25947.53
310,2018,78,2,4.5,83,11,1,9,0,7,34,69168,4.7,4.6,4.7,4.5,4.6,4.7,44,0,27246.883
311,2022,74,0,5.0,76,3,1,11,0,10,33,12491,5.0,5.0,4.9,5.0,4.9,5.0,36,0,36773.203
312,2023,93,1,4.5,76,15,1,34,0,10,20,5,5.0,4.8,4.8,4.2,5.0,5.0,40,0,40849.66
313,2019,57,2,4.4,24,3,2,84,1,12,5,74480,4.6,4.8,4.5,4.7,4.8,4.8,33,0,21342.197
314,2018,32,2,4.6,18,18,2,28,0,8,12,29802,4.5,4.7,4.9,4.7,4.7,4.8,45,0,29004.01
315,2022,6,1,2.4,58,3,2,76,1,12,14,3,4.9,5.0,5.0,4.9,4.9,5.0,12,0,26457.52
316,2016,52,2,4.7,66,15,2,70,0,12,3,28023,4.2,4.5,4.4,4.6,4.5,4.7,8,0,21482.205
317,2023,25,1,4.2,58,18,2,49,0,15,27,5,4.9,5.0,4.8,4.8,4.8,4.5,29,0,33636.445
318,2022,89,1,4.8,76,3,1,12,0,9,20,5,5.0,5.0,5.0,5.0,5.0,5.0,14,0,35316.76
319,2023,39,1,5.0,36,3,1,34,1,12,11,5,5.0,3.0,4.0,4.0,5.0,5.0,22,0,30355.102
320,2022,87,1,4.4,24,3,1,13,0,9,20,3,5.0,5.0,5.0,5.0,5.0,5.0,36,0,32648.797
321,2023,93,1,5.0,76,3,1,34,0,9,20,6,5.0,4.8,4.8,4.2,5.0,5.0,42,0,40785.77
322,2020,55,2,4.8,29,3,1,45,0,12,8,2235,4.7,4.8,4.7,4.8,4.8,4.7,21,0,25207.201
323,2020,87,2,5.0,24,3,1,13,0,9,20,30300,4.6,4.5,4.2,4.1,4.5,4.1,22,0,29500.168
324,2019,28,2,4.9,69,3,2,56,0,12,13,64276,4.8,4.8,4.9,4.8,4.9,4.9,8,0,21645.195
325,2022,84,1,3.0,57,3,1,13,0,9,20,7,5.0,5.0,5.0,5.0,5.0,5.0,1,0,33416.91
326,2010,22,2,4.3,69,9,2,75,1,12,0,129577,4.5,4.4,3.7,4.4,4.4,4.4,29,0,7865.3843
327,2022,70,1,5.0,83,15,1,11,0,9,20,10,5.0,5.0,4.9,5.0,4.9,5.0,17,0,35159.223
328,2023,39,1,5.0,36,3,1,34,1,12,11,1,5.0,3.0,4.0,4.0,5.0,5.0,5,0,31029.762
329,2020,1,0,4.7,36,3,2,61,0,12,4,59274,4.8,4.8,4.8,4.8,4.9,4.9,33,0,22967.576
330,2023,95,1,5.0,35,15,1,34,0,10,20,5,5.0,4.8,4.8,4.2,5.0,5.0,40,0,42674.562
331,2018,36,2,4.7,83,20,1,47,0,12,4,42082,4.8,4.7,4.7,4.6,4.7,4.7,8,0,25883.246
332,2018,61,2,4.5,84,1,2,15,0,2,20,114127,4.8,4.7,4.6,4.3,4.7,4.6,8,0,24115.04
333,2018,55,2,4.8,31,15,2,50,0,12,8,33872,4.7,4.5,4.7,4.6,4.8,4.8,30,0,21722.146
334,2022,89,1,4.7,76,3,1,12,0,9,20,3,5.0,5.0,5.0,5.0,5.0,5.0,8,0,32283.135
335,2019,61,2,4.6,26,15,2,15,0,2,20,14459,4.8,4.6,4.5,4.3,4.7,4.5,40,0,31713.754
336,2022,84,1,4.1,58,3,1,13,0,9,20,2,5.0,5.0,5.0,5.0,5.0,5.0,4,0,33604.57
337,2019,93,2,3.5,5,3,1,8,0,7,20,7476,4.9,4.8,4.8,4.6,4.7,4.9,44,0,35605.93
338,2023,36,1,4.7,82,3,1,34,0,12,4,2,5.0,5.0,5.0,4.0,4.0,5.0,25,0,35883.727
339,2015,47,2,3.0,83,3,0,15,0,7,21,81683,4.7,4.8,4.6,4.5,4.7,4.8,32,0,17968.682
340,2019,58,2,4.1,5,3,2,84,1,12,5,133972,4.6,4.8,4.5,4.7,4.8,4.8,4,0,18124.045
341,2019,57,2,5.0,29,3,2,84,1,12,5,51106,4.6,4.8,4.5,4.7,4.8,4.8,8,0,22117.523
342,2022,85,1,3.4,58,3,1,13,0,9,20,2,5.0,5.0,5.0,5.0,5.0,5.0,42,0,33604.57
343,2023,70,1,4.6,64,3,1,34,0,9,20,3,4.8,4.8,5.0,3.7,4.5,5.0,25,0,31894.578
344,2023,86,1,4.7,24,15,2,34,0,10,19,5,5.0,4.8,4.8,5.0,4.8,4.8,8,0,33137.49
345,2023,39,1,4.8,69,3,1,34,1,12,11,2,5.0,3.0,4.0,4.0,5.0,5.0,15,0,30397.049
346,2023,36,1,4.8,79,15,2,34,0,12,1,5,5.0,5.0,5.0,4.0,4.0,5.0,9,0,38205.184
347,2023,71,1,4.4,58,3,1,34,0,10,20,5,4.8,4.4,4.9,4.3,4.9,4.8,36,0,30954.29
348,2022,14,1,4.4,79,3,2,31,0,2,12,0,5.0,5.0,5.0,5.0,5.0,5.0,36,0,28490.957
349,2023,29,1,4.7,58,15,2,34,0,12,4,5,4.7,4.2,5.0,4.2,5.0,4.6,8,0,28589.38
350,2018,28,2,4.4,85,5,2,58,0,8,4,49793,4.7,4.7,4.8,4.8,4.9,4.8,28,0,21936.584
351,2023,93,1,4.4,56,3,1,34,0,9,20,10,5.0,4.8,4.8,4.2,5.0,5.0,42,0,40962.875
352,2023,26,1,5.0,24,18,2,34,0,8,4,3,4.8,4.6,4.8,4.7,4.7,4.6,8,0,29858.633
353,2023,63,1,4.4,42,11,2,34,0,10,20,15,5.0,5.0,4.0,4.0,4.0,5.0,21,0,39082.848
354,2020,73,2,4.8,24,3,1,11,0,9,20,24171,4.9,4.8,4.8,4.6,4.8,4.8,0,0,31053.502
355,2022,35,1,4.7,58,3,2,50,0,12,4,2,4.9,4.8,4.7,4.8,4.7,4.9,12,0,29424.79
356,2022,62,2,4.5,70,15,2,15,0,2,20,28229,4.3,4.4,4.3,4.1,4.3,4.3,40,0,33302.195
357,2023,36,1,4.6,24,3,1,34,0,12,4,6,5.0,5.0,5.0,4.0,4.0,5.0,21,0,36251.51
358,2022,85,1,5.0,58,3,2,18,0,9,20,18,5.0,5.0,5.0,5.0,5.0,5.0,25,0,33531.04
359,2019,73,2,5.0,5,15,1,11,0,9,20,19218,4.8,4.7,4.7,4.6,4.7,4.8,44,0,30135.203
360,2022,29,1,4.4,56,11,2,60,0,12,4,1,4.6,4.9,4.4,4.6,4.6,4.7,8,0,29585.457
361,2023,95,1,4.8,58,2,1,7,0,9,34,4,5.0,4.8,4.8,4.2,5.0,5.0,20,0,50518.953
362,2022,85,1,4.8,58,3,1,13,0,10,33,0,5.0,5.0,5.0,5.0,5.0,5.0,9,0,39778.32
363,2021,36,2,4.4,76,3,1,46,0,12,4,44738,4.9,4.8,4.8,4.8,4.9,4.9,43,0,28824.076
364,2022,71,1,4.9,24,8,1,11,0,9,34,0,5.0,5.0,4.9,5.0,4.9,5.0,20,0,39302.766
365,2017,35,0,4.8,50,11,2,50,0,12,4,62171,4.8,4.8,4.7,4.7,4.8,4.8,2,0,19602.11
366,2019,56,2,4.6,71,3,2,50,0,12,8,54989,4.6,4.6,4.4,4.6,4.8,4.7,38,0,21342.504
367,2022,6,1,5.0,76,3,2,76,1,12,14,6,4.9,5.0,5.0,4.9,4.9,5.0,4,0,26701.504
368,2011,62,2,4.0,4,1,2,10,0,5,21,85576,4.8,4.7,4.5,4.4,4.6,4.6,12,0,16263.228
369,2022,85,1,4.7,24,3,1,13,0,9,20,11,5.0,5.0,5.0,5.0,5.0,5.0,44,0,34471.53
370,2021,72,0,4.0,42,3,1,11,0,9,20,15789,4.9,4.7,4.8,4.6,4.8,4.8,10,0,31317.156
371,2020,36,2,4.4,24,15,1,46,0,12,4,30668,4.9,4.8,4.8,4.8,4.9,4.9,36,0,28844.432
372,2022,76,1,4.4,58,15,1,13,0,9,20,11,5.0,5.0,5.0,5.0,5.0,5.0,37,0,34974.277
373,2022,74,2,4.9,36,3,1,11,0,9,20,2685,5.0,5.0,4.9,5.0,4.9,5.0,29,0,33667.543
374,2022,88,1,5.0,83,3,1,13,0,9,34,2,5.0,5.0,5.0,5.0,5.0,5.0,45,0,37833.992
375,2020,52,2,4.3,66,3,2,69,0,12,3,40902,4.7,4.6,4.7,4.8,4.5,4.8,32,0,22808.64
376,2018,33,0,4.7,23,15,2,34,1,12,5,27132,4.8,4.7,4.6,4.6,4.4,4.7,22,0,28425.646
377,2021,13,2,4.7,76,3,2,55,0,12,4,10820,4.9,4.8,4.8,4.8,4.9,4.8,32,0,26035.824
378,2022,13,2,4.9,58,3,2,55,0,12,4,5618,5.0,5.0,5.0,5.0,5.0,5.0,34,0,27191.822
379,2020,59,2,4.8,29,3,2,78,1,12,5,52170,4.5,4.8,4.5,4.8,4.9,5.0,43,0,21918.238
380,2022,95,1,5.0,42,3,1,7,0,9,20,0,5.0,4.9,4.9,4.3,4.7,5.0,8,0,42665.836
381,2020,78,2,3.4,58,1,1,9,0,7,20,51739,4.6,4.5,4.2,4.1,4.5,4.1,10,0,29088.26
382,2022,89,1,4.5,76,3,1,12,0,10,33,3,5.0,5.0,5.0,5.0,5.0,5.0,12,0,36581.914
383,2023,95,2,4.4,76,3,1,34,0,10,20,2836,5.0,4.8,4.8,4.2,5.0,5.0,4,0,41871.797
384,2023,39,1,5.0,58,15,1,34,1,12,11,1,5.0,3.0,4.0,4.0,5.0,5.0,8,0,31029.762
385,2023,36,1,4.9,36,3,2,34,0,12,4,0,5.0,5.0,5.0,4.0,4.0,5.0,25,0,36617.465
386,2022,13,1,5.0,58,3,2,55,0,12,4,3,5.0,5.0,5.0,5.0,5.0,5.0,13,0,27041.814
387,2022,89,1,3.7,58,3,1,12,0,9,20,2,5.0,5.0,5.0,5.0,5.0,5.0,10,0,33238.9
388,2023,39,1,4.9,58,3,1,34,1,12,11,10,5.0,3.0,4.0,4.0,5.0,5.0,40,0,30550.83
389,2023,35,1,4.4,63,11,1,46,0,17,28,5,5.0,5.0,5.0,4.0,4.0,5.0,42,0,37193.105
390,2023,39,1,3.8,15,3,1,72,1,17,25,6,5.0,3.0,4.0,4.0,5.0,5.0,21,0,28017.96
391,2021,72,2,4.8,24,3,1,11,0,9,20,22463,4.9,4.7,4.8,4.6,4.8,4.8,32,0,30979.447
392,2023,70,1,3.9,63,15,1,34,0,10,20,11,4.6,5.0,4.2,4.0,4.8,5.0,27,0,32418.623
393,2020,97,2,4.3,29,3,1,11,0,9,20,15569,4.8,4.7,4.6,4.5,4.7,4.7,4,0,30962.713
394,2022,84,1,4.8,36,3,1,13,0,9,20,0,5.0,5.0,5.0,5.0,5.0,5.0,40,0,35374.79
395,2023,39,1,5.0,63,3,1,34,1,12,11,5,5.0,3.0,4.0,4.0,5.0,5.0,22,0,30355.102
396,2022,6,1,5.0,76,3,2,76,1,12,14,0,4.9,5.0,5.0,4.9,4.9,5.0,25,0,26513.213
397,2023,67,1,4.3,24,3,2,34,0,2,20,11,5.0,5.0,4.0,4.0,4.0,5.0,3,0,34825.59
398,2023,71,1,4.8,76,3,1,34,0,9,20,3,5.0,5.0,4.1,4.3,5.0,4.7,12,0,33409.023
399,2023,28,1,4.5,11,3,2,34,0,12,10,10,5.0,4.9,4.5,4.6,4.2,4.7,4,0,32407.12
400,2019,24,2,4.9,58,3,2,61,0,12,13,34286,4.8,4.8,4.9,4.8,4.9,4.9,44,0,22083.25
401,2023,70,1,5.0,76,3,1,34,0,10,20,0,4.8,4.5,4.6,4.8,4.5,4.7,25,0,32099.352
402,2022,78,1,4.9,58,1,2,18,0,10,34,5,5.0,5.0,5.0,5.0,5.0,5.0,4,0,38091.93
403,2023,39,1,5.0,24,3,1,72,1,17,25,0,5.0,3.0,4.0,4.0,5.0,5.0,4,0,28912.406
404,2017,8,2,5.0,5,15,2,82,1,12,14,59440,4.8,4.8,4.7,4.6,4.9,4.8,36,0,17403.105
405,2015,43,2,4.5,58,15,1,41,0,12,16,123390,4.4,4.4,4.3,4.3,4.6,4.5,33,0,12279.551
406,2021,72,2,4.8,83,3,1,11,0,9,20,17114,4.9,4.7,4.8,4.6,4.8,4.8,32,0,31081.463
407,2022,43,1,5.0,42,11,1,46,0,12,4,5,4.9,4.8,4.7,4.8,4.7,4.9,4,0,26077.906
408,2017,24,2,4.8,5,3,2,65,0,12,13,73145,4.7,4.7,4.8,4.8,4.8,4.8,3,0,17003.818
409,2020,19,2,4.9,65,3,2,65,0,12,4,30478,4.8,4.8,4.9,4.8,4.9,4.9,8,0,23969.875
410,2005,22,2,2.2,9,11,2,80,1,6,0,214100,4.5,4.2,4.2,4.3,4.0,4.0,20,0,2847.0022
411,2008,83,2,4.6,13,11,0,1,0,5,21,155603,4.6,4.3,4.6,4.6,4.4,4.8,36,0,6984.1055
412,2022,17,1,4.9,58,14,2,31,0,10,29,0,5.0,5.0,5.0,5.0,5.0,5.0,8,0,35812.504
413,2022,85,1,4.2,58,3,1,13,0,9,20,6,5.0,5.0,5.0,5.0,5.0,5.0,42,0,34417.652
414,2022,13,1,5.0,24,15,2,55,0,12,4,10,5.0,5.0,5.0,5.0,5.0,5.0,1,0,26801.893
415,2022,78,1,5.0,42,3,2,18,0,9,34,0,5.0,5.0,5.0,5.0,5.0,5.0,34,0,38596.8
416,2023,56,1,3.9,82,3,1,34,0,10,10,1500,4.0,5.0,4.0,5.0,5.0,5.0,45,0,31025.969
417,2019,9,2,4.6,29,15,2,61,0,17,28,36416,4.7,4.7,4.7,4.7,4.8,4.8,11,0,26146.295
418,2019,63,0,3.9,53,15,2,15,0,9,20,88387,4.8,4.6,4.5,4.3,4.7,4.5,21,0,28402.21
419,2019,26,2,5.0,36,3,2,52,0,8,4,21183,4.7,4.8,4.7,4.8,4.8,4.9,35,0,25954.227
420,2022,26,1,4.7,58,18,2,49,0,8,4,3,4.2,4.0,4.5,4.2,4.5,5.0,8,0,30166.22
421,2018,29,2,4.8,76,15,2,59,0,12,4,59805,4.7,4.7,4.8,4.8,4.9,4.8,32,0,21338.547
422,2023,95,1,4.8,36,3,1,34,0,9,20,25,5.0,4.8,4.8,4.2,5.0,5.0,22,0,42589.766
423,2023,39,1,4.4,58,3,1,72,1,13,23,7,5.0,3.0,4.0,4.0,5.0,5.0,34,0,27835.443
424,2020,63,2,4.5,29,11,2,15,0,2,20,19484,4.8,4.8,4.7,4.6,4.7,4.7,44,0,35367.883
425,2021,72,2,4.8,24,3,1,11,0,9,20,17476,4.9,4.7,4.8,4.6,4.8,4.8,8,0,31081.463
426,2019,24,0,4.9,57,14,2,61,0,12,13,79841,4.8,4.8,4.9,4.8,4.9,4.9,16,0,19486.31
427,2023,76,1,4.5,58,3,1,34,0,10,19,12,4.7,4.2,5.0,4.6,4.8,4.8,22,0,31613.355
428,2020,78,0,4.7,57,15,1,9,0,7,20,32318,4.6,4.5,4.2,4.1,4.5,4.1,22,0,31815.828
429,2022,4,1,5.0,76,6,2,76,1,13,23,0,4.9,5.0,5.0,4.9,4.9,5.0,20,0,28849.469
430,2020,5,2,4.3,58,15,2,81,1,12,14,17498,4.7,4.8,4.5,4.6,4.7,4.8,31,0,25237.166
431,2017,24,2,4.8,83,20,2,65,0,12,4,70462,4.7,4.7,4.8,4.8,4.8,4.8,12,0,18723.41
432,2022,84,1,4.6,58,3,1,13,0,9,20,1,5.0,5.0,5.0,5.0,5.0,5.0,8,0,35429.375
433,2019,88,2,4.7,5,3,1,13,0,9,20,59260,4.8,4.7,4.7,4.6,4.7,4.8,33,0,25544.344
434,2023,30,1,5.0,40,11,2,34,0,12,4,9,4.7,4.8,5.0,4.2,5.0,4.7,25,0,28871.514
435,2021,32,2,4.9,9,17,2,28,0,8,12,13829,5.0,4.8,5.0,4.8,4.8,5.0,8,0,35232.633
436,2015,45,2,5.0,60,18,2,34,1,12,6,36002,4.5,4.7,4.7,4.9,4.9,5.0,40,0,17490.89
437,2022,14,1,5.0,58,3,2,31,0,2,12,3,5.0,5.0,5.0,5.0,5.0,5.0,7,0,28685.76
438,2022,53,2,3.8,58,15,1,39,0,12,8,11208,3.8,3.2,3.6,3.6,4.2,4.2,16,0,27690.627
439,2022,57,2,5.0,42,3,2,84,1,12,5,11414,4.7,4.1,5.0,4.7,4.7,5.0,8,0,26715.525
440,2022,85,1,2.8,29,3,1,13,0,9,20,10,5.0,5.0,5.0,5.0,5.0,5.0,36,0,34556.08
441,2022,84,1,4.8,29,15,1,13,0,9,20,45,5.0,5.0,5.0,5.0,5.0,5.0,12,0,33803.43
442,2020,10,2,4.3,69,3,2,61,0,12,4,32910,4.8,4.8,4.8,4.8,4.9,4.9,3,0,23767.729
443,2021,71,2,4.8,42,3,1,11,0,9,20,39268,4.9,4.7,4.8,4.6,4.8,4.8,18,0,29337.08
444,2022,85,1,4.2,58,3,1,13,0,9,20,10,5.0,5.0,5.0,5.0,5.0,5.0,34,0,34556.08
445,2019,56,2,4.0,69,3,2,50,0,12,8,67814,4.6,4.6,4.4,4.6,4.8,4.7,12,0,20691.621
446,2022,19,2,4.8,24,3,2,71,0,12,4,2498,4.6,4.9,4.4,4.6,4.6,4.7,35,0,28697.686
447,2022,84,1,5.0,58,3,1,13,0,9,20,10,5.0,5.0,5.0,5.0,5.0,5.0,4,0,34556.08
448,2023,36,1,5.0,58,3,1,34,0,12,4,91,5.0,5.0,5.0,4.0,4.0,5.0,42,0,36245.355
449,2022,89,1,4.6,76,15,1,12,0,9,20,6,5.0,5.0,5.0,5.0,5.0,5.0,39,0,34874.066
450,2023,76,1,4.8,58,3,1,34,0,2,19,1,4.6,4.7,4.4,4.6,4.4,4.8,12,0,31096.107
451,2021,72,2,4.7,58,3,1,11,0,9,20,9984,4.9,4.7,4.8,4.6,4.8,4.8,5,0,31955.203
452,2020,77,0,4.2,58,3,1,9,0,7,20,34313,4.6,4.5,4.2,4.1,4.5,4.1,42,0,31869.443
453,2022,13,1,5.0,1,3,2,55,0,12,4,5,5.0,5.0,5.0,5.0,5.0,5.0,12,0,27041.424
454,2022,78,1,4.5,36,15,1,13,0,9,20,5,5.0,5.0,5.0,5.0,5.0,5.0,44,0,35102.234
455,2021,88,2,5.0,24,3,1,13,0,9,20,30851,4.9,4.8,4.8,4.7,4.7,4.8,17,0,30542.924
456,2019,43,2,4.8,24,3,1,47,0,12,4,56282,4.8,4.8,4.7,4.7,4.8,4.8,46,0,20847.246
457,2019,71,2,4.8,42,11,2,16,0,9,20,35154,4.8,4.7,4.7,4.6,4.7,4.8,1,0,28184.2
458,1998,91,2,4.6,69,3,2,32,0,6,15,28921,4.3,4.7,4.7,4.6,4.6,4.7,27,0,15842.939
459,2022,14,1,4.8,79,3,2,31,0,2,12,5,5.0,5.0,5.0,5.0,5.0,5.0,40,0,28677.04
460,2018,95,2,4.5,83,18,1,8,0,7,20,41263,4.9,4.8,4.8,4.6,4.8,4.9,39,0,32729.17
461,2023,26,1,4.4,58,18,2,34,0,8,4,3,4.7,4.6,4.9,4.4,4.8,4.6,18,0,29766.393
462,2015,47,2,4.4,33,3,0,15,0,7,21,117013,4.7,4.8,4.6,4.5,4.7,4.8,33,0,15369.678
463,2019,62,2,4.6,29,11,2,15,0,9,20,71322,4.8,4.6,4.5,4.3,4.7,4.5,15,0,26822.822
464,2022,5,2,4.9,29,3,2,81,1,12,14,12602,4.9,5.0,5.0,4.9,4.9,5.0,40,0,27138.002
465,2017,96,2,4.7,84,3,2,13,0,7,20,39611,4.8,4.7,4.7,4.4,4.7,4.7,13,0,26288.205
466,2022,6,1,4.8,79,3,2,76,1,17,25,0,4.9,5.0,5.0,4.9,4.9,5.0,9,0,28695.354
467,2022,59,2,4.3,42,3,2,78,1,12,5,11886,5.0,4.6,5.0,4.6,4.9,5.0,36,0,25770.088
468,2010,11,2,5.0,2,14,2,25,0,5,17,131000,4.3,4.4,4.4,4.4,4.5,4.6,8,0,6535.786
469,2023,56,1,4.6,58,3,1,36,0,13,23,0,4.0,5.0,4.0,5.0,5.0,5.0,34,0,32231.332
470,2015,12,2,4.7,9,3,2,43,0,12,16,88451,4.7,4.6,4.7,4.7,4.7,4.8,40,0,15305.638
471,2023,19,1,4.8,65,15,2,34,0,12,4,12,5.0,5.0,4.8,4.6,4.8,5.0,39,0,29933.936
472,2022,85,1,2.7,58,3,1,13,0,9,20,7,5.0,5.0,5.0,5.0,5.0,5.0,22,0,33416.91
473,2022,95,2,4.8,9,15,1,7,0,9,20,11647,5.0,4.9,4.9,4.3,4.7,5.0,32,0,41310.258
474,2023,85,1,4.7,58,3,1,34,0,2,19,5,4.9,3.9,4.9,4.3,4.7,5.0,13,0,32510.87
475,2023,70,1,4.5,76,3,1,34,0,9,20,6,5.0,4.5,4.7,5.0,4.6,4.9,10,0,33184.523
476,2022,13,1,4.8,36,15,2,55,0,12,4,5,5.0,5.0,5.0,5.0,5.0,5.0,39,0,27041.424
477,2018,63,2,3.2,42,11,2,15,0,9,20,47268,4.8,4.7,4.6,4.3,4.7,4.6,14,0,31802.736
478,2022,85,1,4.8,24,3,2,18,0,9,20,0,5.0,5.0,5.0,5.0,5.0,5.0,3,0,33373.062
479,2019,41,2,4.8,43,3,1,37,0,12,16,44469,4.8,4.8,4.7,4.7,4.8,4.8,12,0,29029.092
480,2022,15,2,3.8,69,3,2,55,0,17,28,1695,5.0,5.0,5.0,5.0,5.0,5.0,21,0,31799.527
481,2023,80,1,4.8,50,11,1,34,0,2,19,4,4.5,4.8,5.0,4.8,4.8,4.8,29,0,32218.043
482,2018,28,2,4.3,85,1,2,58,0,8,4,82906,4.7,4.7,4.8,4.8,4.9,4.8,6,0,19855.896
483,2023,26,1,5.0,57,18,2,34,0,8,4,12,4.8,4.8,4.9,4.7,5.0,4.9,8,0,31241.36
484,2016,66,2,4.7,29,15,2,15,0,7,21,88805,4.8,4.6,4.7,4.6,4.7,4.8,44,0,20396.72
485,2019,26,2,4.8,24,3,2,52,0,8,23,57528,4.7,4.8,4.7,4.8,4.8,4.9,45,0,23028.074
486,2023,74,1,5.0,24,3,1,34,0,9,20,5,5.0,3.9,4.9,4.7,4.4,5.0,12,0,34083.168
487,2022,89,1,2.4,58,3,1,12,0,9,20,3,5.0,5.0,5.0,5.0,5.0,5.0,12,0,32283.135
488,2022,35,2,5.0,36,11,1,46,0,12,4,8779,4.9,4.8,4.7,4.8,4.7,4.9,45,0,30235.434
489,2023,39,1,4.4,82,3,1,34,1,0,11,10,5.0,3.0,4.0,4.0,5.0,5.0,12,0,33849.242
490,2022,89,1,4.9,58,3,1,12,0,9,20,4,5.0,5.0,5.0,5.0,5.0,5.0,29,0,35897.523
491,2016,77,2,4.9,84,1,2,14,0,7,20,85682,4.7,4.6,4.5,4.4,4.6,4.6,3,0,20466.566
492,2021,59,2,4.9,42,3,2,78,1,12,5,31165,5.0,5.0,5.0,5.0,5.0,5.0,2,0,27209.13
493,2023,86,1,3.6,62,15,1,34,0,10,19,8,4.6,3.9,4.7,4.7,4.1,4.9,25,0,32333.787
494,2017,8,2,4.0,83,3,2,82,1,12,14,100538,4.8,4.8,4.7,4.6,4.9,4.8,12,0,16208.396
495,2019,63,2,3.7,26,1,2,15,0,10,33,48181,4.8,4.6,4.5,4.3,4.7,4.5,2,0,34345.434
496,2005,63,2,4.6,69,11,2,19,0,5,21,160488,4.8,4.6,4.6,4.5,4.5,4.6,44,0,9524.842
497,2019,24,0,4.6,24,3,2,65,0,12,4,47376,4.8,4.8,4.9,4.8,4.9,4.9,20,0,24793.674
498,2022,93,1,5.0,5,15,1,7,0,9,20,10,5.0,4.9,4.9,4.3,4.7,5.0,17,0,42013.21
499,2021,95,2,5.0,66,3,1,7,0,9,20,68523,4.9,4.7,4.7,4.5,4.9,4.6,18,0,29965.758
500,2023,28,1,4.8,24,3,2,34,0,12,10,2,5.0,4.7,4.5,5.0,5.0,4.9,36,0,30106.34
501,2023,39,1,4.5,58,3,1,34,1,12,11,4,5.0,3.0,4.0,4.0,5.0,5.0,10,0,30421.16
502,2023,61,1,5.0,58,1,2,34,0,10,20,0,5.0,5.0,4.0,4.0,4.0,5.0,25,0,36582.043
503,2023,71,1,4.2,57,11,1,34,0,9,20,6,5.0,4.5,4.8,4.2,5.0,5.0,33,0,33178.73
504,2018,63,2,4.3,69,15,2,15,0,9,20,60370,4.8,4.7,4.6,4.3,4.7,4.6,4,0,29765.912
505,2023,89,1,5.0,76,3,1,6,0,2,34,2,5.0,4.3,4.6,4.1,4.5,4.5,45,0,26871.021
506,2021,72,2,4.6,42,3,1,11,0,9,20,15615,4.9,4.7,4.8,4.6,4.8,4.8,17,0,31317.156
507,2022,87,2,5.0,19,11,1,13,0,9,20,8760,5.0,5.0,5.0,5.0,5.0,5.0,8,0,33062.617
508,2023,36,1,5.0,82,3,2,34,0,12,4,6,5.0,5.0,5.0,4.0,4.0,5.0,16,0,36251.51
509,2017,60,2,4.8,58,15,2,14,0,7,21,46274,4.8,4.6,4.8,4.6,4.7,4.8,42,0,25369.965
510,2021,95,2,4.3,83,15,1,7,0,9,20,18824,4.9,4.7,4.7,4.5,4.9,4.6,3,0,34256.32
511,2021,97,2,5.0,29,11,1,7,0,9,20,19625,4.9,4.7,4.7,4.5,4.9,4.6,28,0,30475.738
512,2015,20,2,5.0,9,11,2,58,0,12,8,124500,4.6,4.6,4.6,4.7,4.6,4.8,28,0,11240.852
513,2021,56,2,4.9,42,3,1,39,0,12,8,21390,4.7,4.6,4.6,4.7,4.7,4.8,21,0,26159.525
514,2021,76,2,4.8,83,20,1,13,0,10,33,25512,4.9,4.8,4.8,4.7,4.7,4.8,12,0,35164.805
515,2023,54,1,4.6,41,15,2,34,0,12,10,5,4.0,5.0,4.0,5.0,5.0,5.0,4,0,28096.768
516,2022,74,1,5.0,24,3,1,11,0,9,20,5,5.0,5.0,4.9,5.0,4.9,5.0,17,0,35833.266
517,2023,71,1,5.0,50,11,1,34,0,10,20,5,4.8,4.0,4.2,4.2,4.8,4.8,40,0,31985.889
518,2023,28,1,4.9,36,3,2,34,0,12,10,15,5.0,5.0,4.2,4.8,4.9,4.8,6,0,30895.863
519,2014,9,2,2.5,58,15,2,48,0,12,16,104972,4.6,4.6,4.6,4.6,4.7,4.8,24,0,13418.929
520,2019,87,0,4.9,58,15,1,13,0,9,20,46982,4.8,4.7,4.7,4.6,4.7,4.8,13,0,27774.482
521,2019,63,0,4.8,24,11,2,15,0,9,20,22787,4.8,4.6,4.5,4.3,4.7,4.5,2,0,33225.43
522,2021,97,0,4.2,24,3,1,7,0,9,20,21228,4.9,4.7,4.7,4.5,4.9,4.6,8,0,30582.344
523,2019,32,2,4.8,29,3,2,28,0,8,12,22388,4.6,4.7,5.0,4.8,4.8,4.8,13,0,29852.402
524,2010,63,2,4.0,9,3,2,5,0,5,21,86383,4.6,4.4,4.3,4.3,4.4,4.6,12,0,17293.996
525,2023,39,1,4.7,82,15,1,34,1,12,11,8,5.0,3.0,4.0,4.0,5.0,5.0,4,0,30700.088
526,2019,63,2,4.2,50,11,2,15,0,9,20,44988,4.8,4.6,4.5,4.3,4.7,4.5,32,0,31705.43
527,2022,84,1,5.0,76,3,1,13,0,9,20,5,5.0,5.0,5.0,5.0,5.0,5.0,16,0,34688.44
528,2023,86,1,4.8,42,3,1,34,0,2,19,4,4.7,4.5,5.0,4.4,4.7,4.9,29,0,31231.93
529,2019,97,2,4.7,24,3,2,13,0,7,20,57676,4.9,4.8,4.8,4.6,4.7,4.9,8,0,27570.666
530,2022,92,1,4.9,47,3,1,7,0,9,34,3097,5.0,4.9,4.9,4.3,4.7,5.0,25,0,41585.605
531,2022,95,1,3.9,53,3,1,7,0,9,20,8,5.0,4.9,4.9,4.3,4.7,5.0,4,0,44230.367
532,2009,2,2,4.3,83,11,2,24,0,5,17,130569,4.4,4.4,4.3,4.4,4.5,4.5,21,0,5257.994
533,2016,20,2,4.9,9,11,2,67,0,12,4,45644,4.6,4.6,4.6,4.6,4.8,4.6,45,0,18657.42
534,2022,70,2,4.9,58,11,1,11,0,10,33,11889,5.0,5.0,4.9,5.0,4.9,5.0,18,0,37062.938
535,2021,78,2,3.9,5,3,1,13,0,10,33,24685,4.9,4.8,4.8,4.7,4.7,4.8,45,0,35026.28
536,2021,73,2,4.1,24,3,1,11,0,9,20,12162,4.9,4.7,4.8,4.6,4.8,4.8,0,0,31206.865
537,2021,71,2,4.8,5,11,1,11,0,10,34,35970,4.9,4.7,4.8,4.6,4.8,4.8,25,0,33793.1
538,2022,84,1,3.6,24,3,1,13,0,9,20,5,5.0,5.0,5.0,5.0,5.0,5.0,46,0,34688.44
539,2023,6,1,5.0,36,3,2,79,1,17,25,0,4.7,5.0,5.0,4.4,4.5,5.0,4,0,27580.016
540,2016,76,2,4.6,24,3,1,13,0,9,20,71594,4.7,4.6,4.5,4.4,4.6,4.6,26,0,20194.93
541,2016,63,2,4.7,36,11,2,15,0,7,21,114828,4.8,4.6,4.7,4.6,4.7,4.8,28,0,22566.348
542,2020,19,0,4.9,29,11,2,68,0,12,4,25737,4.8,4.8,4.9,4.8,4.9,4.9,45,0,22272.96
543,2019,19,2,5.0,83,3,2,65,0,12,4,47715,4.8,4.8,4.9,4.8,4.9,4.9,44,0,23851.95
544,2022,6,2,5.0,63,3,2,76,1,12,14,17217,4.9,5.0,5.0,4.9,4.9,5.0,12,0,26659.32
545,2018,2,2,4.7,24,3,2,61,0,12,4,99188,4.8,4.8,4.7,4.7,4.8,4.8,9,0,20994.574
546,2020,94,2,4.7,53,3,1,11,0,9,20,41998,4.8,4.7,4.6,4.5,4.7,4.7,8,0,31512.873
547,2019,88,2,4.7,5,3,2,18,0,9,20,46812,4.8,4.7,4.7,4.6,4.7,4.8,12,0,27542.428
548,2007,50,2,4.5,9,15,0,21,0,5,17,75048,4.2,4.4,4.2,4.5,4.5,4.6,33,0,9189.984
549,2018,61,2,4.6,26,1,2,15,0,2,20,65083,4.8,4.7,4.6,4.3,4.7,4.6,4,0,26753.334
550,2015,9,2,4.5,1,3,2,48,0,12,16,66595,4.7,4.6,4.7,4.7,4.7,4.8,37,0,14792.092
551,2023,39,1,5.0,79,3,1,34,1,12,11,5,5.0,3.0,4.0,4.0,5.0,5.0,29,0,30355.102
552,2022,85,2,5.0,83,3,1,13,0,9,20,9322,5.0,5.0,5.0,5.0,5.0,5.0,16,0,32846.16
553,2019,9,2,4.5,17,14,2,61,0,12,4,29549,4.7,4.7,4.7,4.7,4.8,4.8,10,0,23500.594
554,2018,24,2,4.8,80,11,2,65,0,12,13,80652,4.7,4.7,4.8,4.8,4.9,4.8,21,0,18475.996
555,2012,47,2,4.9,84,15,0,9,0,5,21,92227,4.8,4.7,4.7,4.6,4.7,4.8,37,0,14207.503
556,2023,95,1,4.9,24,3,1,34,0,9,20,3,5.0,4.8,4.8,4.2,5.0,5.0,29,0,42421.605
557,2013,77,2,4.0,69,11,2,8,0,5,21,77853,4.6,4.5,4.4,4.6,4.4,4.7,12,0,15834.857
558,2017,78,2,4.7,84,1,2,14,0,7,20,82056,4.8,4.7,4.7,4.6,4.7,4.7,8,0,22546.51
559,2013,20,2,4.9,27,11,2,53,0,5,8,56964,4.5,4.5,4.4,4.7,4.6,4.8,4,0,14765.819
560,2023,94,1,5.0,71,3,1,34,0,9,20,1,5.0,4.8,4.8,4.2,5.0,5.0,15,0,42225.02
561,2022,78,1,5.0,34,11,1,13,0,9,20,4,5.0,5.0,5.0,5.0,5.0,5.0,18,0,35467.47
562,2023,39,1,5.0,82,3,1,34,1,12,11,6,5.0,3.0,4.0,4.0,5.0,5.0,17,0,30382.1
563,2021,13,2,4.9,68,3,2,55,0,12,4,43615,4.9,4.8,4.8,4.8,4.9,4.8,34,0,22864.375
564,2023,61,1,5.0,76,3,2,34,0,2,20,5,5.0,5.0,4.0,4.0,4.0,5.0,12,0,36103.68
565,2023,93,1,4.8,58,3,1,34,0,9,20,10,5.0,4.8,4.8,4.2,5.0,5.0,4,0,40962.875
566,2022,85,2,5.0,58,15,1,13,0,9,20,4199,5.0,5.0,5.0,5.0,5.0,5.0,36,0,32999.13
567,2019,61,2,5.0,42,11,2,15,0,2,20,36452,4.8,4.6,4.5,4.3,4.7,4.5,8,0,30628.033
568,2022,28,1,4.6,65,3,2,57,0,13,23,18,4.6,4.9,4.4,4.6,4.6,4.7,34,0,30811.135
569,2021,59,2,4.6,83,15,2,78,1,12,5,19854,5.0,5.0,5.0,5.0,5.0,5.0,44,0,27420.21
570,2023,61,1,4.4,24,3,2,34,0,2,20,6,5.0,5.0,4.0,4.0,4.0,5.0,33,0,36147.656
571,2023,20,1,5.0,40,3,2,34,0,12,4,40,4.6,5.0,4.9,4.4,3.9,4.7,29,0,31018.154
572,2022,6,1,2.7,58,3,2,76,1,12,14,0,4.9,5.0,5.0,4.9,4.9,5.0,42,0,26513.213
573,2023,56,1,5.0,82,3,2,40,0,17,32,0,4.0,5.0,4.0,5.0,5.0,5.0,4,0,30302.018
574,2019,33,2,3.9,58,1,2,34,1,12,5,27985,4.9,4.9,4.9,5.0,4.7,5.0,4,0,31160.584
575,2016,42,2,4.6,12,3,1,37,0,12,16,114750,4.6,4.5,4.6,4.6,4.7,4.7,25,0,18840.297
576,2022,76,1,5.0,23,3,1,13,0,9,20,12,5.0,5.0,5.0,5.0,5.0,5.0,33,0,34974.277
577,2019,71,2,5.0,7,11,1,11,0,9,20,9494,4.8,4.7,4.7,4.6,4.7,4.8,17,0,30363.705
578,2022,26,2,4.8,9,18,2,49,0,8,4,2235,4.2,4.0,4.5,4.2,4.5,5.0,29,0,30599.562
579,2020,63,2,5.0,58,1,2,15,0,2,34,79344,4.8,4.8,4.7,4.6,4.7,4.7,37,0,33292.824
580,2023,36,1,4.6,79,15,1,34,0,12,4,5,5.0,5.0,5.0,4.0,4.0,5.0,12,0,36246.785
581,2020,26,2,4.9,36,3,2,44,0,8,4,16437,4.8,4.8,4.8,4.8,4.9,4.9,39,0,25893.674
582,2022,6,1,4.7,58,3,2,76,1,12,14,12,4.9,5.0,5.0,4.9,4.9,5.0,16,0,26853.947
583,2016,69,2,5.0,50,11,2,15,0,7,21,80026,4.8,4.6,4.7,4.6,4.7,4.8,15,0,20974.68
584,2020,13,2,4.4,5,3,2,55,0,12,4,11207,4.8,4.8,4.8,4.8,4.9,4.9,41,0,23403.4
585,2020,26,2,4.5,36,3,2,44,0,8,4,50205,4.8,4.8,4.8,4.8,4.9,4.9,14,0,23539.918
586,2023,39,1,5.0,82,3,1,34,1,12,11,1,5.0,3.0,4.0,4.0,5.0,5.0,5,0,31029.762
587,2023,86,1,5.0,76,3,1,34,0,2,19,5,4.9,3.8,4.4,4.8,4.7,4.8,17,0,32510.87
588,2023,36,1,4.9,79,3,2,34,0,12,4,12,5.0,5.0,5.0,4.0,4.0,5.0,40,0,36343.227
589,2014,46,2,4.8,66,20,2,30,0,5,17,112984,4.8,4.8,5.0,4.6,4.7,4.8,25,0,12566.949
590,2017,94,2,5.0,84,3,1,8,0,7,20,109266,4.8,4.7,4.7,4.4,4.7,4.7,22,0,22109.229
591,2022,13,1,4.6,58,3,2,55,0,12,4,11,5.0,5.0,5.0,5.0,5.0,5.0,17,0,26831.65
592,2021,73,2,5.0,29,11,1,11,0,9,20,24076,4.9,4.7,4.8,4.6,4.8,4.8,11,0,30429.547
593,2022,78,2,4.7,58,3,1,13,0,9,20,9649,5.0,5.0,5.0,5.0,5.0,5.0,33,0,33351.977
594,2018,19,2,5.0,29,3,2,65,0,12,4,73407,4.7,4.7,4.8,4.8,4.9,4.8,18,0,20168.752
595,2020,97,0,4.5,58,3,1,11,0,9,20,21862,4.8,4.7,4.6,4.5,4.7,4.7,29,0,31497.295
596,2022,6,1,4.4,76,3,2,76,1,12,14,5,4.9,5.0,5.0,4.9,4.9,5.0,36,0,26664.086
597,2023,26,1,4.3,24,15,2,34,0,8,4,10,4.6,4.4,4.7,4.6,4.3,4.8,3,0,31142.318
598,2022,85,1,5.0,58,3,1,13,0,9,20,5,5.0,5.0,5.0,5.0,5.0,5.0,31,0,34688.44
599,2023,86,1,4.6,24,15,1,34,0,10,19,8,4.9,4.9,4.7,4.5,4.6,4.8,12,0,33340.523
600,2023,67,1,4.7,58,3,2,34,0,2,20,4,5.0,5.0,4.0,4.0,4.0,5.0,8,0,34546.715
601,2022,85,1,4.8,76,3,1,13,0,9,20,3,5.0,5.0,5.0,5.0,5.0,5.0,9,0,32648.797
602,2019,8,2,4.2,50,15,2,83,1,12,14,80986,4.5,4.5,3.9,3.9,4.6,4.4,9,0,20122.463
603,2022,43,1,4.5,58,15,1,46,0,12,4,7,4.9,4.8,4.7,4.8,4.7,4.9,40,0,26255.965
604,2021,73,2,4.8,36,3,1,11,0,9,20,4835,4.9,4.7,4.8,4.6,4.8,4.8,18,0,31913.627
605,2022,89,1,3.7,76,3,1,12,0,9,20,2,5.0,5.0,5.0,5.0,5.0,5.0,10,0,33238.9
606,2022,14,1,4.2,79,3,2,31,0,2,12,14,5.0,5.0,5.0,5.0,5.0,5.0,42,0,28395.838
607,2023,89,1,4.6,73,3,1,34,0,2,19,5,4.9,4.6,5.0,4.8,4.8,5.0,20,0,32250.664
608,2022,6,1,3.0,76,3,2,76,1,12,14,6,4.9,5.0,5.0,4.9,4.9,5.0,33,0,26701.504
609,2020,10,2,4.4,5,3,2,61,0,12,4,50554,4.8,4.8,4.8,4.8,4.9,4.9,41,0,22067.621
610,2021,35,2,4.9,83,14,1,46,0,12,4,19665,4.9,4.8,4.8,4.8,4.9,4.9,32,0,28482.76
611,2017,78,2,4.7,69,1,2,14,0,7,20,109088,4.8,4.7,4.7,4.6,4.7,4.7,40,0,20883.912
612,2023,19,1,4.5,44,3,2,34,0,12,4,7,4.5,4.5,4.8,4.7,4.8,5.0,36,0,28079.434
613,2020,35,2,4.6,36,14,1,46,0,12,4,14325,4.9,4.8,4.8,4.8,4.9,4.9,10,0,26363.229
614,2021,40,2,5.0,83,11,1,73,1,12,14,27135,4.8,4.8,4.8,4.7,4.8,4.8,40,0,22792.477
615,2023,35,1,4.8,63,11,1,34,0,12,4,180,5.0,5.0,5.0,4.0,4.0,5.0,42,0,33668.92
616,2021,72,2,4.6,83,15,1,11,0,9,20,12038,4.9,4.7,4.8,4.6,4.8,4.8,27,0,31442.693
617,2023,94,1,4.8,76,3,1,34,0,9,20,1,5.0,4.8,4.8,4.2,5.0,5.0,10,0,42225.02
618,2017,96,2,4.0,83,1,1,8,0,7,20,70976,4.8,4.7,4.7,4.4,4.7,4.7,12,0,23654.744
619,2020,70,0,4.5,6,3,1,11,0,9,20,46790,4.9,4.8,4.8,4.6,4.8,4.8,21,0,29647.963
620,2023,80,1,4.9,36,11,1,12,0,2,34,21,4.7,4.9,4.3,4.4,5.0,4.8,17,0,39782.195
621,2021,75,2,4.9,42,3,1,13,0,9,20,4879,4.9,4.8,4.8,4.7,4.7,4.8,12,0,33057.125
622,2020,64,0,4.9,24,15,2,15,0,2,20,32622,4.8,4.8,4.7,4.6,4.7,4.7,21,0,32395.629
623,2017,36,2,4.8,42,11,1,47,0,12,4,81907,4.8,4.8,4.7,4.7,4.8,4.8,33,0,21002.287
624,2021,19,2,4.8,24,3,2,68,0,12,4,20608,4.6,4.7,4.7,4.6,4.8,4.6,32,0,25462.77
625,2022,14,1,5.0,24,3,2,31,0,2,12,3,5.0,5.0,5.0,5.0,5.0,5.0,13,0,28685.76
626,2018,53,2,2.7,66,3,2,50,0,12,8,50781,4.7,4.5,4.7,4.6,4.8,4.8,16,0,20024.287
627,2018,61,2,5.0,71,1,2,15,0,2,20,78359,4.8,4.7,4.6,4.3,4.7,4.6,8,0,25881.803
628,2022,89,1,5.0,76,3,1,12,0,9,34,12,5.0,5.0,5.0,5.0,5.0,5.0,45,0,39262.305
629,2010,86,2,4.6,24,11,0,2,0,5,21,118904,4.7,4.5,4.4,4.5,4.4,4.6,45,0,9388.486
630,2022,71,1,5.0,76,3,1,11,0,9,20,2750,5.0,5.0,4.9,5.0,4.9,5.0,42,0,33695.617
631,2020,24,2,4.0,29,3,2,61,0,12,13,43956,4.8,4.8,4.9,4.8,4.9,4.9,1,0,20825.69
632,2023,86,1,4.8,84,11,1,34,0,2,19,5,4.8,4.5,4.5,5.0,4.6,5.0,12,0,30864.05
633,2022,13,1,4.8,58,3,2,55,0,12,4,1,5.0,5.0,5.0,5.0,5.0,5.0,12,0,27363.889
634,2020,2,0,4.7,57,15,2,61,0,12,4,17246,4.8,4.8,4.8,4.8,4.9,4.9,22,0,25248.74
635,2023,28,1,5.0,58,3,2,34,0,12,10,7,4.7,4.6,4.3,4.7,4.3,4.7,4,0,29921.316
636,2020,71,2,3.0,36,3,1,11,0,10,34,34381,4.9,4.8,4.8,4.6,4.8,4.8,32,0,33428.562
637,2023,39,1,4.7,58,11,1,72,1,13,23,17,5.0,3.0,4.0,4.0,5.0,5.0,12,0,27884.104
638,2023,32,1,5.0,76,18,2,28,0,8,23,2,5.0,5.0,5.0,5.0,5.0,5.0,45,0,36515.777
639,2022,85,1,5.0,76,3,1,13,0,9,20,5,5.0,5.0,5.0,5.0,5.0,5.0,29,0,34688.44
640,2023,94,1,4.5,58,15,1,34,0,9,20,3,5.0,4.8,4.8,4.2,5.0,5.0,15,0,40596.703
641,2022,13,1,4.9,58,3,2,55,0,12,4,12,5.0,5.0,5.0,5.0,5.0,5.0,40,0,26831.65
642,2022,84,2,4.5,46,15,1,13,0,9,20,12173,5.0,5.0,5.0,5.0,5.0,5.0,15,0,31728.855
643,2023,39,1,4.4,63,3,1,34,1,12,11,10,5.0,3.0,4.0,4.0,5.0,5.0,4,0,30550.83
644,2014,12,2,4.7,5,3,2,42,0,12,16,121400,4.6,4.6,4.6,4.6,4.7,4.8,17,0,12871.704
645,2022,84,1,4.2,58,3,2,18,0,9,20,5,5.0,5.0,5.0,5.0,5.0,5.0,34,0,33429.83
646,2022,78,1,5.0,58,3,1,13,0,9,20,13,5.0,5.0,5.0,5.0,5.0,5.0,12,0,34931.62
647,2018,24,2,4.1,24,4,2,54,0,8,13,20835,4.7,4.7,4.8,4.8,4.9,4.8,40,0,22487.414
648,2023,35,1,4.0,63,11,1,34,0,12,4,1,5.0,5.0,5.0,4.0,4.0,5.0,13,0,33569.426
649,2020,13,2,4.6,58,3,2,55,0,12,4,16771,4.8,4.8,4.8,4.8,4.9,4.9,5,0,23078.232
650,2016,2,2,5.0,85,15,2,49,0,14,23,74262,4.8,4.7,4.7,4.7,4.8,4.8,5,0,18305.43
651,2014,78,2,4.6,9,15,2,8,0,5,21,149370,4.7,4.6,4.6,4.6,4.5,4.7,40,0,11634.746
652,2023,26,1,4.7,58,18,2,34,0,8,4,11,4.9,4.3,4.9,4.7,5.0,5.0,8,0,30976.695
653,2007,48,2,3.2,69,4,1,21,0,5,18,139596,4.2,4.4,4.2,4.5,4.5,4.6,13,0,5375.701
654,2021,33,0,4.5,83,15,2,34,1,12,5,17484,4.9,4.4,4.4,4.2,4.4,4.8,29,0,31048.232
655,2017,78,2,4.7,66,1,2,14,0,7,20,72661,4.8,4.7,4.7,4.6,4.7,4.7,3,0,23052.672
656,2017,8,2,4.7,69,15,2,82,1,12,14,78723,4.8,4.8,4.7,4.6,4.9,4.8,45,0,16470.678
657,2023,36,1,4.0,14,15,1,34,0,12,4,12,5.0,5.0,5.0,4.0,4.0,5.0,14,0,36343.227
658,2021,8,2,4.7,58,14,2,76,1,12,14,40960,4.7,4.5,4.5,4.4,4.6,4.4,37,0,23380.393
659,2022,15,1,2.4,36,3,2,55,0,12,4,1,5.0,5.0,5.0,5.0,5.0,5.0,12,0,27667.54
660,2022,6,2,5.0,24,3,2,76,1,12,14,9453,4.9,5.0,5.0,4.9,4.9,5.0,8,0,27278.37
661,2022,13,1,4.9,5,3,2,55,0,12,4,15,5.0,5.0,5.0,5.0,5.0,5.0,6,0,26791.977
662,2023,93,1,5.0,58,3,1,34,0,10,20,0,5.0,4.8,4.8,4.2,5.0,5.0,42,0,42224.57
663,2022,89,1,4.4,76,3,1,12,0,9,20,2,5.0,5.0,5.0,5.0,5.0,5.0,36,0,33238.9
664,2021,71,2,4.7,50,3,1,11,0,9,20,3579,4.9,4.7,4.8,4.6,4.8,4.8,35,0,31784.053
665,2023,36,1,4.4,58,3,1,34,0,12,4,3,5.0,5.0,5.0,4.0,4.0,5.0,36,0,35792.434
666,2023,95,1,4.6,58,3,1,34,0,9,20,5,5.0,4.8,4.8,4.2,5.0,5.0,17,0,42627.25
667,2023,76,1,4.8,42,3,1,34,0,2,19,2,5.0,4.6,4.8,4.7,5.0,5.0,40,0,32929.43
668,2016,78,2,4.6,83,1,1,9,0,7,20,90846,4.7,4.6,4.5,4.4,4.6,4.6,20,0,20384.096
669,2020,77,2,5.0,36,11,2,14,0,7,20,32948,4.6,4.5,4.2,4.1,4.5,4.1,12,0,31584.057
670,2021,24,2,4.5,51,3,2,61,0,12,13,23784,4.6,4.7,4.7,4.6,4.8,4.6,40,0,24305.338
671,2023,38,1,4.9,79,3,2,34,1,12,11,12,5.0,3.0,4.0,4.0,5.0,5.0,40,0,30508.686
672,2020,61,2,4.2,83,15,2,15,0,2,20,37312,4.8,4.8,4.7,4.6,4.7,4.7,45,0,31747.654
673,2014,35,2,4.8,38,11,1,29,0,5,17,95038,4.5,4.5,4.5,4.5,4.6,4.7,3,0,14754.976
674,2023,36,1,4.7,58,11,1,46,0,13,23,0,5.0,5.0,5.0,4.0,4.0,5.0,12,0,35737.707
675,2022,85,1,4.6,35,3,1,13,0,9,20,3,5.0,5.0,5.0,5.0,5.0,5.0,32,0,32648.797
676,2022,85,1,5.0,58,16,1,13,0,9,34,15,5.0,5.0,5.0,5.0,5.0,5.0,4,0,38755.633
677,2018,95,2,4.3,69,11,1,8,0,7,20,51539,4.9,4.8,4.8,4.6,4.8,4.9,11,0,31118.113
678,2022,19,2,4.0,83,3,2,71,0,12,4,5707,4.6,4.9,4.4,4.6,4.6,4.7,12,0,28563.016
679,2017,77,2,4.7,36,11,1,9,0,7,20,87722,4.8,4.7,4.7,4.6,4.7,4.7,5,0,22650.598
680,2022,13,1,5.0,58,3,2,55,0,12,4,3,5.0,5.0,5.0,5.0,5.0,5.0,16,0,27041.814
681,2023,36,1,5.0,58,3,1,34,0,12,4,5,5.0,5.0,5.0,4.0,4.0,5.0,12,0,36246.785
682,2021,16,2,4.8,29,11,2,61,0,13,23,9185,4.9,4.8,4.8,4.8,4.9,4.8,37,0,26389.348
683,2021,53,0,4.5,29,15,1,39,0,12,8,40860,4.7,4.6,4.6,4.7,4.7,4.8,5,0,24085.57
684,2023,95,1,5.0,58,1,1,34,0,10,20,5,5.0,4.8,4.8,4.2,5.0,5.0,40,0,42674.562
685,2019,63,2,5.0,36,11,2,15,0,9,20,25911,4.8,4.6,4.5,4.3,4.7,4.5,8,0,32933.703
686,2020,87,2,4.5,42,3,1,13,0,9,20,41206,4.6,4.5,4.2,4.1,4.5,4.1,22,0,28943.764
687,2022,56,1,4.5,69,3,2,50,0,12,8,5,3.8,3.2,3.6,3.6,4.2,4.2,29,0,25931.203
688,2019,63,0,5.0,29,11,2,15,0,9,20,36293,4.8,4.6,4.5,4.3,4.7,4.5,21,0,32559.014
689,2022,84,1,4.2,25,1,1,13,0,9,20,2,5.0,5.0,5.0,5.0,5.0,5.0,32,0,33604.57
690,2020,64,2,4.5,42,15,2,15,0,2,20,30430,4.8,4.8,4.7,4.6,4.7,4.7,8,0,32243.604
691,2021,63,2,4.6,69,11,2,15,0,2,20,30448,5.0,5.0,4.9,4.8,4.8,5.0,15,0,35710.74
692,2023,36,1,4.7,58,3,2,34,0,12,4,9,5.0,5.0,5.0,4.0,4.0,5.0,31,0,36418.008
693,2022,84,1,3.0,76,3,1,13,0,9,20,6,5.0,5.0,5.0,5.0,5.0,5.0,12,0,34417.652
694,2022,29,0,4.8,58,3,2,60,0,12,4,12952,4.6,4.9,4.4,4.6,4.6,4.7,33,0,29162.014
695,2023,36,1,5.0,39,11,1,34,0,12,4,4,5.0,5.0,5.0,4.0,4.0,5.0,18,0,36436.36
696,2013,22,2,4.1,29,1,2,77,1,12,7,105301,4.1,4.2,3.8,3.8,4.3,4.2,4,0,11219.409
697,2023,95,1,4.8,42,3,1,34,0,10,20,0,5.0,4.8,4.8,4.2,5.0,5.0,25,0,44049.473
698,2022,85,1,4.6,58,15,1,13,0,9,20,8,5.0,5.0,5.0,5.0,5.0,5.0,12,0,34705.332
699,2023,56,1,5.0,58,3,1,34,0,12,10,1,4.0,5.0,4.0,5.0,5.0,5.0,21,0,28688.926
700,2022,43,1,4.4,71,15,1,46,0,12,4,14,4.9,4.8,4.7,4.8,4.7,4.9,37,0,26207.645
701,2023,35,1,4.7,58,15,1,34,0,12,4,5,5.0,5.0,5.0,4.0,4.0,5.0,3,0,33327.5
702,2008,19,2,4.4,69,11,2,38,0,5,8,64423,4.2,4.4,4.3,4.5,4.5,4.7,32,0,10644.779
703,2023,39,1,4.5,40,3,1,34,1,12,11,8,5.0,3.0,4.0,4.0,5.0,5.0,29,0,30700.088
704,2019,12,2,5.0,69,3,2,55,0,12,4,23395,4.7,4.7,4.7,4.7,4.8,4.8,17,0,25954.807
705,2023,95,1,4.4,58,3,1,34,0,10,20,0,5.0,4.8,4.8,4.2,5.0,5.0,36,0,44049.473
706,2023,55,1,5.0,58,11,1,34,0,12,10,0,4.0,5.0,4.0,5.0,5.0,5.0,21,0,28653.146
707,2023,85,1,4.6,57,3,1,34,0,2,19,5,4.3,5.0,4.1,4.6,4.5,5.0,17,0,33679.344
708,2023,36,1,4.5,63,11,1,34,0,12,4,8,5.0,5.0,5.0,4.0,4.0,5.0,15,0,36449.047
709,2019,70,0,4.6,42,11,1,11,0,9,20,49376,4.8,4.7,4.7,4.6,4.7,4.8,1,0,27618.19
710,2018,25,2,4.8,5,3,2,52,0,8,4,115622,4.7,4.7,4.8,4.8,4.9,4.8,28,0,17693.223
711,2020,59,2,4.9,83,3,2,78,1,12,5,29604,4.5,4.8,4.5,4.8,4.9,5.0,8,0,23499.557
712,2022,85,2,5.0,29,3,2,18,0,9,20,4976,5.0,5.0,5.0,5.0,5.0,5.0,16,0,32636.326
713,2023,71,1,3.7,58,3,1,34,0,10,20,2,4.9,5.0,4.5,4.8,4.9,4.9,10,0,32475.492
714,2021,95,0,4.6,58,3,1,7,0,9,20,31775,4.9,4.7,4.7,4.5,4.9,4.6,19,0,33671.965
715,2019,52,2,4.0,83,3,2,69,0,12,3,23347,4.6,4.6,4.7,4.8,4.8,4.8,12,0,24144.924
716,2014,86,2,4.2,66,15,0,4,0,5,21,116041,4.7,4.6,4.6,4.6,4.5,4.7,32,0,12310.715
717,2021,76,1,3.1,83,1,1,13,0,10,33,10,4.9,4.8,4.8,4.7,4.7,4.8,12,0,38786.516
718,2023,67,1,4.4,76,7,2,15,0,2,34,0,5.0,5.0,4.0,4.0,4.0,5.0,20,0,40341.727
719,2023,68,1,4.6,42,15,2,34,0,10,20,8,5.0,5.0,4.0,4.0,4.0,5.0,12,0,35163.54
720,2020,72,2,5.0,50,3,1,11,0,9,20,20043,4.9,4.8,4.8,4.6,4.8,4.8,33,0,31822.936
721,2022,84,0,5.0,42,3,2,18,0,9,20,24850,5.0,5.0,5.0,5.0,5.0,5.0,9,0,29955.955
722,2022,43,0,4.9,0,3,1,46,0,12,4,14106,4.9,4.8,4.7,4.8,4.7,4.9,32,0,26180.621
723,2022,35,1,4.7,58,3,2,50,0,12,4,11,4.9,4.8,4.7,4.8,4.7,4.9,8,0,29980.1
724,2021,53,2,4.7,58,3,2,50,0,12,8,22956,4.7,4.6,4.6,4.7,4.7,4.8,40,0,24733.13
725,2017,30,2,4.4,66,15,2,65,0,17,28,74843,4.7,4.7,4.8,4.8,4.8,4.8,2,0,20641.822
726,2022,62,0,4.8,50,11,2,15,0,2,20,34021,4.3,4.4,4.3,4.1,4.3,4.3,2,0,32873.215
727,2011,45,2,4.0,69,13,2,34,1,12,6,47048,4.2,4.4,4.0,4.4,4.7,4.7,12,0,16627.781
728,2009,35,2,4.5,29,15,0,17,0,5,17,117823,4.4,4.5,4.5,4.7,4.6,4.8,44,0,12066.578
729,2022,87,2,4.5,58,1,2,18,0,9,20,12310,5.0,5.0,5.0,5.0,5.0,5.0,9,0,31505.523
730,2009,19,2,4.0,9,11,2,38,0,5,8,93569,4.2,4.4,4.3,4.5,4.4,4.7,42,0,9487.391
731,2022,29,1,4.5,76,3,2,60,0,12,4,5,4.6,4.9,4.4,4.6,4.6,4.7,10,0,29526.775
732,2016,62,2,4.3,42,11,2,15,0,7,21,68199,4.8,4.6,4.7,4.6,4.7,4.8,4,0,23060.07
733,2009,50,2,4.8,67,21,2,16,0,5,17,166539,4.6,4.7,4.5,4.8,4.6,4.9,8,0,8857.001
734,2022,84,1,3.2,23,3,2,18,0,9,20,11,5.0,5.0,5.0,5.0,5.0,5.0,1,0,33570.715
735,2022,74,1,3.5,5,3,1,11,0,9,20,8,5.0,5.0,4.9,5.0,4.9,5.0,44,0,35280.402
736,2018,63,2,4.7,42,1,2,15,0,9,20,47268,4.8,4.7,4.6,4.3,4.7,4.6,40,0,31802.736
737,2022,59,2,4.6,58,3,2,78,1,12,5,17069,4.7,4.8,4.7,4.5,4.8,4.9,22,0,26430.39
738,2020,76,0,4.7,26,15,1,13,0,9,20,38925,4.6,4.5,4.2,4.1,4.5,4.1,3,0,30001.44
739,2022,85,1,5.0,58,3,1,13,0,9,20,6,5.0,5.0,5.0,5.0,5.0,5.0,4,0,34417.652
740,2020,55,2,4.8,29,3,1,45,0,12,8,21593,4.7,4.8,4.7,4.8,4.8,4.7,5,0,24141.207
741,2023,36,1,4.6,58,3,2,34,0,12,4,10,5.0,5.0,5.0,4.0,4.0,5.0,39,0,36284.875
742,2023,36,1,5.0,83,3,1,34,0,12,4,6,5.0,5.0,5.0,4.0,4.0,5.0,13,0,36251.51
743,2020,78,0,4.8,26,1,2,14,0,7,20,28102,4.6,4.5,4.2,4.1,4.5,4.1,16,0,32172.746
744,2022,84,2,5.0,36,3,2,18,0,9,20,11991,5.0,5.0,5.0,5.0,5.0,5.0,8,0,31741.352
745,2022,85,1,4.1,5,3,1,13,0,9,20,2,5.0,5.0,5.0,5.0,5.0,5.0,4,0,33604.57
746,2021,31,1,1.6,83,15,2,28,0,8,12,2,5.0,4.8,5.0,4.8,4.8,5.0,4,0,39024.812
747,2023,80,1,4.8,50,11,1,34,0,2,19,10,5.0,5.0,4.6,3.9,4.6,4.7,6,0,33834.027
748,2009,86,2,4.3,83,15,2,3,0,5,21,166599,4.6,4.4,4.3,4.4,4.3,4.7,8,0,5811.761
749,2022,13,1,4.7,76,3,2,55,0,12,4,9,5.0,5.0,5.0,5.0,5.0,5.0,31,0,26951.154
750,2022,13,1,5.0,34,3,2,55,0,12,4,11,5.0,5.0,5.0,5.0,5.0,5.0,8,0,26831.65
751,2023,28,1,4.6,65,3,2,34,0,8,10,12,4.5,5.0,4.9,4.1,4.5,4.8,5,0,33099.688
752,2023,55,1,4.6,42,3,2,40,0,13,23,12,4.0,5.0,4.0,5.0,5.0,5.0,34,0,27647.586
753,2023,39,1,5.0,79,3,1,34,1,12,11,5,5.0,3.0,4.0,4.0,5.0,5.0,16,0,30355.102
754,2023,93,1,4.8,5,18,1,34,0,10,20,4,5.0,4.8,4.8,4.2,5.0,5.0,36,0,40991.746
755,2022,78,1,4.4,57,1,2,18,0,9,20,2,5.0,5.0,5.0,5.0,5.0,5.0,4,0,33934.758
756,2022,84,1,5.0,36,11,1,13,0,9,34,2,5.0,5.0,5.0,5.0,5.0,5.0,34,0,37833.992
757,2023,39,1,3.7,63,3,1,34,1,12,11,2,5.0,3.0,4.0,4.0,5.0,5.0,10,0,30397.049
758,2022,74,1,4.9,24,3,1,11,0,9,20,6,5.0,5.0,4.9,5.0,4.9,5.0,31,0,35171.55
759,2023,54,1,5.0,42,3,2,34,0,12,10,2,4.0,5.0,4.0,5.0,5.0,5.0,39,0,28143.924
760,2022,78,1,5.0,58,1,2,18,0,9,20,5,5.0,5.0,5.0,5.0,5.0,5.0,40,0,33843.62
761,2022,84,1,5.0,36,11,1,13,0,9,20,1,5.0,5.0,5.0,5.0,5.0,5.0,17,0,35429.375
762,2021,28,2,5.0,42,3,2,57,0,12,13,36279,4.6,4.7,4.7,4.6,4.8,4.6,12,0,25651.938
763,2017,52,2,5.0,66,3,2,56,0,8,3,68498,4.5,4.5,4.5,4.6,4.6,4.8,6,0,20152.355
764,2011,36,2,4.5,29,15,2,23,0,5,17,108259,4.5,4.4,4.4,4.6,4.5,4.7,39,0,11002.811
765,2023,26,1,4.1,24,18,2,34,0,8,4,4,4.8,4.2,4.4,4.3,5.0,4.5,4,0,30139.227
766,2021,78,2,4.8,24,3,1,13,0,9,20,37077,4.9,4.8,4.8,4.7,4.7,4.8,12,0,30879.33
767,2022,70,1,5.0,24,3,1,11,0,9,20,5,5.0,5.0,4.9,5.0,4.9,5.0,32,0,35861.34
768,2019,24,2,4.9,83,15,2,61,0,12,13,22000,4.8,4.8,4.9,4.8,4.9,4.9,44,0,24180.02
769,2022,74,0,4.7,64,3,1,11,0,9,20,5613,5.0,5.0,4.9,5.0,4.9,5.0,12,0,33790.637
770,2022,70,1,4.6,24,15,1,11,0,9,20,5,5.0,5.0,4.9,5.0,4.9,5.0,12,0,35861.34
771,2022,57,0,4.7,29,3,2,84,1,12,5,17657,5.0,4.1,4.8,3.9,5.0,4.7,40,0,25655.041
772,2022,89,1,4.3,24,3,1,12,0,9,20,7,5.0,5.0,5.0,5.0,5.0,5.0,4,0,33883.906
773,2020,43,2,4.3,83,3,1,46,0,12,4,29945,4.9,4.8,4.8,4.8,4.9,4.9,20,0,23289.584
774,2020,72,2,4.6,5,15,2,16,0,9,34,15046,4.9,4.8,4.8,4.6,4.8,4.8,1,0,33909.016
775,2018,63,2,4.9,66,15,2,15,0,9,20,46610,4.8,4.7,4.6,4.3,4.7,4.6,27,0,31802.736
776,2021,37,2,3.0,9,11,1,73,1,12,14,26361,4.8,4.8,4.8,4.7,4.8,4.8,1,0,23315.8
777,2023,79,1,5.0,42,3,1,34,0,2,19,5,4.9,5.0,4.8,4.9,4.8,4.9,8,0,32898.664
778,2023,95,1,4.6,64,15,1,34,0,10,20,10,5.0,4.8,4.8,4.2,5.0,5.0,12,0,43162.016
779,2022,84,2,4.2,10,11,2,18,0,9,20,6287,5.0,5.0,5.0,5.0,5.0,5.0,37,0,32589.969
780,2019,63,2,4.9,29,15,2,15,0,9,20,67224,4.8,4.6,4.5,4.3,4.7,4.5,40,0,29281.688
781,2018,61,2,4.8,36,11,2,15,0,2,20,36027,4.8,4.7,4.6,4.3,4.7,4.6,40,0,29975.205
782,2022,30,1,4.6,36,15,2,64,0,12,4,8,4.6,4.9,4.4,4.6,4.6,4.7,12,0,28760.973
783,2022,85,1,5.0,24,3,1,13,0,10,33,0,5.0,5.0,5.0,5.0,5.0,5.0,7,0,39778.32
784,2023,93,1,4.6,5,15,1,34,0,10,20,5,5.0,4.8,4.8,4.2,5.0,5.0,29,0,40849.66
785,2019,72,2,4.9,42,3,2,16,0,9,20,36199,4.8,4.7,4.7,4.6,4.7,4.8,25,0,28223.62
786,2021,84,2,3.4,58,3,1,13,0,9,20,14412,4.9,4.8,4.8,4.7,4.7,4.8,10,0,32094.307
787,2023,38,1,4.1,40,3,2,34,1,10,11,5,5.0,3.0,4.0,4.0,5.0,5.0,16,0,32935.383
788,2021,28,2,5.0,42,3,2,55,0,12,4,21756,4.6,4.7,4.7,4.6,4.8,4.6,13,0,28187.164
789,2020,71,2,4.8,38,11,2,16,0,9,20,37812,4.9,4.8,4.8,4.6,4.8,4.8,22,0,29563.219
790,2023,88,1,4.3,83,11,1,12,0,2,34,1,5.0,4.7,4.9,4.0,4.1,4.8,41,0,39371.31
791,2011,48,2,3.9,37,15,0,11,0,5,23,128850,4.5,4.7,4.5,4.8,4.6,4.9,8,0,12545.127
792,2022,74,1,4.2,83,3,1,11,0,9,20,6,5.0,5.0,4.9,5.0,4.9,5.0,17,0,35171.55
793,2022,85,1,3.7,58,3,1,13,0,9,20,2,5.0,5.0,5.0,5.0,5.0,5.0,10,0,33604.57
794,2018,78,2,5.0,42,11,1,9,0,7,20,49373,4.7,4.6,4.7,4.5,4.6,4.7,8,0,28290.771
795,2020,13,2,4.8,79,23,2,55,0,13,23,31596,4.8,4.8,4.8,4.8,4.9,4.9,23,0,22943.04
796,2023,36,2,4.7,58,15,2,50,0,13,23,307,5.0,5.0,5.0,4.0,4.0,5.0,35,0,35979.43
797,2019,73,2,4.7,5,3,1,11,0,9,20,51580,4.8,4.7,4.7,4.6,4.7,4.8,32,0,27072.812
798,2023,61,1,4.5,64,15,2,34,0,10,20,5,5.0,5.0,4.0,4.0,4.0,5.0,40,0,36224.074
799,2022,89,0,4.8,29,15,1,12,0,9,20,2112,5.0,5.0,5.0,5.0,5.0,5.0,16,0,33464.22
800,2018,78,2,4.6,8,15,1,9,0,7,34,50213,4.7,4.6,4.7,4.5,4.6,4.7,10,0,30088.541
801,2023,86,1,5.0,58,3,1,34,0,15,19,10,4.9,4.3,5.0,4.4,4.9,4.8,27,0,29150.154
802,2023,35,1,4.9,63,11,1,34,0,12,4,10,5.0,5.0,5.0,4.0,4.0,5.0,40,0,33365.598
803,2022,95,0,5.0,64,3,1,7,0,9,20,1785,5.0,4.9,4.9,4.3,4.7,5.0,39,0,42431.92
804,2023,68,1,5.0,62,1,2,34,0,2,20,7,5.0,5.0,4.0,4.0,4.0,5.0,18,0,33300.33
805,2022,88,1,5.0,58,1,1,13,0,9,34,4,5.0,5.0,5.0,5.0,5.0,5.0,34,0,39283.098
806,2018,78,2,4.4,36,11,1,9,0,7,20,43698,4.7,4.6,4.7,4.5,4.6,4.7,32,0,28586.662
807,2018,78,2,4.8,29,3,1,9,0,7,20,65069,4.7,4.6,4.7,4.5,4.6,4.7,42,0,26454.02
808,2023,67,1,4.3,24,3,2,34,0,2,20,200,5.0,5.0,4.0,4.0,4.0,5.0,3,0,35301.914
809,2022,84,2,5.0,26,1,2,18,0,9,20,28078,5.0,5.0,5.0,5.0,5.0,5.0,16,0,30261.424
810,2023,95,2,4.8,29,15,1,34,0,9,20,1000,5.0,4.8,4.8,4.2,5.0,5.0,33,0,41802.14
811,2023,39,1,4.8,58,3,1,72,1,17,25,0,5.0,3.0,4.0,4.0,5.0,5.0,9,0,28912.406
812,2017,63,2,5.0,9,15,2,14,0,7,21,82146,4.8,4.6,4.8,4.6,4.7,4.8,26,0,26971.877
813,2023,74,1,4.9,64,3,1,34,0,10,20,12,4.8,4.9,3.9,4.1,5.0,4.9,40,0,32342.361
814,2022,84,2,5.0,58,3,2,18,0,9,20,10406,5.0,5.0,5.0,5.0,5.0,5.0,40,0,32287.143
815,2023,39,1,4.4,63,3,1,72,1,13,23,10,5.0,3.0,4.0,4.0,5.0,5.0,20,0,27891.342
816,2019,78,2,3.9,24,11,1,9,0,7,20,81013,4.8,4.7,4.7,4.6,4.7,4.8,45,0,25956.986
817,2016,53,2,5.0,24,15,2,51,0,12,8,60009,4.4,4.4,4.2,4.5,4.6,4.7,18,0,18543.588
818,2022,78,1,4.8,22,3,2,18,0,9,20,1,5.0,5.0,5.0,5.0,5.0,5.0,25,0,34370.23
819,2018,19,0,4.6,42,3,2,65,0,12,13,27065,4.7,4.7,4.8,4.8,4.9,4.8,17,0,20519.547
820,2022,70,1,4.7,76,3,1,11,0,9,20,10,5.0,5.0,4.9,5.0,4.9,5.0,44,0,35159.223
821,2023,36,1,5.0,58,3,1,34,0,12,4,1,5.0,5.0,5.0,4.0,4.0,5.0,29,0,36488.715
822,2020,19,2,4.7,36,3,2,65,0,17,28,41540,4.8,4.8,4.9,4.8,4.9,4.9,9,0,27045.342
823,2023,54,1,4.8,58,3,2,34,0,12,10,3,4.0,5.0,4.0,5.0,5.0,5.0,22,0,28127.098
824,2019,72,0,4.8,6,3,1,11,0,9,20,27509,4.8,4.7,4.7,4.6,4.7,4.8,44,0,29290.83
825,2023,86,1,4.9,58,3,1,34,0,2,19,1,5.0,4.2,5.0,4.5,4.8,4.8,29,0,32413.08
826,2022,85,1,5.0,24,3,1,13,0,9,20,6,5.0,5.0,5.0,5.0,5.0,5.0,27,0,34417.652
827,2022,85,1,4.8,76,15,1,13,0,9,20,5,5.0,5.0,5.0,5.0,5.0,5.0,39,0,34688.44
828,2022,13,1,4.7,79,15,2,55,0,12,4,4,5.0,5.0,5.0,5.0,5.0,5.0,42,0,27143.1
829,2019,36,2,4.7,58,14,1,47,0,12,4,65828,4.8,4.8,4.7,4.7,4.8,4.8,35,0,24571.23
830,2020,87,2,4.7,35,15,1,13,0,9,20,32542,4.6,4.5,4.2,4.1,4.5,4.1,22,0,29799.295
831,2019,26,2,4.3,36,3,2,52,0,8,4,35816,4.7,4.8,4.7,4.8,4.8,4.9,21,0,24717.031
832,2011,2,2,4.6,5,3,2,20,0,5,21,88050,4.4,4.5,4.4,4.6,4.5,4.8,17,0,13904.576
833,2023,35,1,4.8,58,11,1,34,0,12,4,7,5.0,5.0,5.0,4.0,4.0,5.0,33,0,32080.273
834,2020,95,2,4.4,42,11,1,11,0,9,20,10334,4.8,4.7,4.6,4.5,4.7,4.7,36,0,36274.15
835,2022,53,1,4.9,42,3,2,50,0,12,8,6,3.8,3.2,3.6,3.6,4.2,4.2,40,0,26497.4
836,2020,26,2,5.0,36,3,2,44,0,8,4,26048,4.8,4.8,4.8,4.8,4.9,4.9,8,0,24495.588
837,2019,63,2,3.9,53,15,2,15,0,9,20,59825,4.8,4.6,4.5,4.3,4.7,4.5,45,0,30409.56
838,2023,56,1,4.6,58,3,1,34,0,10,10,2,4.0,5.0,4.0,5.0,5.0,5.0,18,0,31458.68
839,2022,78,1,4.6,58,15,1,13,0,9,20,8,5.0,5.0,5.0,5.0,5.0,5.0,12,0,35165.42
840,2023,95,1,4.8,62,3,1,34,0,9,20,10,5.0,4.8,4.8,4.2,5.0,5.0,30,0,43114.703
841,2016,66,2,4.1,24,15,2,15,0,7,21,92910,4.8,4.6,4.7,4.6,4.7,4.8,25,0,20332.375
842,2021,97,2,5.0,24,3,1,7,0,9,20,19806,4.9,4.7,4.7,4.5,4.9,4.6,8,0,30475.738
843,2018,34,2,4.1,29,15,2,34,1,12,5,78977,4.8,4.7,4.6,4.6,4.4,4.7,39,0,24133.246
844,2020,18,2,4.5,29,15,2,31,0,2,12,38504,4.8,4.8,4.8,4.8,4.9,4.9,33,0,24634.867
845,2023,85,1,3.0,56,3,1,34,0,10,19,0,4.7,4.7,5.0,4.5,4.3,4.7,33,0,30260.525
846,2023,67,1,2.2,64,3,2,34,0,2,20,3,5.0,5.0,4.0,4.0,4.0,5.0,20,0,33902.785
847,2019,54,2,4.6,58,15,2,50,0,12,8,21172,4.6,4.6,4.4,4.6,4.8,4.7,4,0,23961.076
848,2023,95,1,5.0,76,3,1,34,0,10,20,5,5.0,4.8,4.8,4.2,5.0,5.0,40,0,42674.562
849,2021,72,2,3.3,42,3,1,11,0,9,20,32303,4.9,4.7,4.8,4.6,4.8,4.8,33,0,30155.326
850,2023,26,1,3.3,76,18,2,34,0,8,4,2,5.0,4.7,5.0,4.7,4.7,4.8,33,0,31407.074
851,2023,28,1,5.0,9,3,2,34,0,15,10,2,4.7,4.8,4.8,4.9,5.0,4.7,13,0,30296.951
852,2022,95,1,5.0,53,3,1,7,0,9,20,23,5.0,4.9,4.9,4.3,4.7,5.0,9,0,43565.9
853,2015,41,2,4.4,5,15,1,41,0,12,16,81595,4.4,4.4,4.3,4.3,4.6,4.5,40,0,15276.635
854,2020,59,0,5.0,24,3,2,78,1,12,5,51760,4.5,4.8,4.5,4.8,4.9,5.0,4,0,21918.238
855,2020,8,2,4.9,58,14,2,81,1,12,14,55086,4.7,4.8,4.5,4.6,4.7,4.8,40,0,21423.297
856,2019,72,0,5.0,84,3,1,11,0,9,20,16176,4.8,4.7,4.7,4.6,4.7,4.8,17,0,30370.9
857,2022,84,1,4.4,34,11,1,13,0,9,20,2,5.0,5.0,5.0,5.0,5.0,5.0,4,0,33604.57
858,2022,13,1,3.9,58,3,2,55,0,12,4,2,5.0,5.0,5.0,5.0,5.0,5.0,14,0,27080.393
859,2023,39,1,4.6,24,15,1,34,1,12,11,5,5.0,3.0,4.0,4.0,5.0,5.0,9,0,30355.102
860,2023,63,1,4.4,64,1,2,34,0,2,20,5,5.0,5.0,4.0,4.0,4.0,5.0,12,0,38798.902
861,2022,85,1,2.8,76,3,1,13,0,9,20,3,5.0,5.0,5.0,5.0,5.0,5.0,36,0,32648.797
862,2022,78,1,4.5,24,3,1,13,0,9,20,7,5.0,5.0,5.0,5.0,5.0,5.0,10,0,33830.703
863,2019,73,2,4.0,5,3,2,16,0,9,20,55658,4.8,4.7,4.7,4.6,4.7,4.8,12,0,25941.734
864,2023,76,1,4.3,42,10,1,34,0,2,19,0,5.0,4.5,4.6,4.7,4.5,5.0,19,0,32979.31
865,2019,51,2,4.7,69,3,2,63,0,12,3,28836,4.6,4.6,4.7,4.8,4.8,4.8,36,0,26232.742
866,2021,73,2,3.0,5,3,1,11,0,10,34,20746,4.9,4.7,4.8,4.6,4.8,4.8,32,0,35111.61
867,2022,84,1,3.4,58,3,1,13,0,9,20,2,5.0,5.0,5.0,5.0,5.0,5.0,10,0,33604.57
868,2022,85,1,5.0,24,3,1,13,0,9,20,10,5.0,5.0,5.0,5.0,5.0,5.0,27,0,34556.08
869,2019,19,0,3.9,21,11,2,68,0,12,4,41815,4.8,4.8,4.9,4.8,4.9,4.9,21,0,21860.855
870,2022,84,1,4.5,58,15,1,13,0,9,20,5,5.0,5.0,5.0,5.0,5.0,5.0,44,0,34688.44
871,2021,53,0,3.9,42,3,2,50,0,12,8,34649,4.7,4.6,4.6,4.7,4.7,4.8,21,0,24027.08
872,2009,2,2,4.0,5,14,2,24,0,5,17,90621,4.4,4.4,4.3,4.4,4.5,4.5,40,0,8766.078
873,2013,23,2,2.9,1,11,2,77,1,12,7,116826,4.1,4.2,3.8,3.8,4.3,4.2,4,0,10598.49
874,2022,78,1,4.4,34,11,2,18,0,9,20,2,5.0,5.0,5.0,5.0,5.0,5.0,4,0,33934.758
875,2023,89,1,4.7,73,3,1,34,0,10,19,5,4.8,4.4,5.0,4.8,4.4,4.8,22,0,32392.484
876,2023,61,1,4.8,42,11,2,34,0,2,20,0,5.0,5.0,4.0,4.0,4.0,5.0,3,0,35783.953
877,2023,63,1,4.5,50,11,2,15,0,10,33,0,5.0,5.0,4.0,4.0,4.0,5.0,12,0,45565.137
878,2020,68,0,4.6,52,15,2,15,0,2,20,18865,4.8,4.8,4.7,4.6,4.7,4.7,8,0,31163.47
879,2019,94,2,4.9,29,11,1,8,0,7,20,48550,4.9,4.8,4.8,4.6,4.7,4.9,33,0,31525.97
880,2019,72,2,4.5,29,3,1,11,0,9,20,20846,4.8,4.7,4.7,4.6,4.7,4.8,32,0,30135.203
881,2020,62,0,4.9,5,15,2,15,0,2,20,49434,4.8,4.8,4.7,4.6,4.7,4.7,33,0,30450.602
882,2023,93,1,5.0,24,18,1,34,0,10,20,2,5.0,4.8,4.8,4.2,5.0,5.0,17,0,40885.32
883,2023,35,1,4.7,40,3,1,34,0,12,4,2,5.0,5.0,5.0,4.0,4.0,5.0,22,0,32964.41
884,2022,78,1,4.6,58,15,1,13,0,9,20,5,5.0,5.0,5.0,5.0,5.0,5.0,12,0,35102.234
885,2019,78,2,5.0,83,1,1,9,0,7,20,16254,4.8,4.7,4.7,4.6,4.7,4.8,14,0,31305.164
886,2023,25,1,4.1,24,18,2,49,0,15,27,5,4.4,5.0,4.7,4.8,4.5,4.9,29,0,34703.15
887,2022,36,2,4.8,5,3,1,46,0,12,4,13044,4.9,4.8,4.7,4.8,4.7,4.9,13,0,32722.088
888,2023,89,1,4.8,73,3,1,34,0,2,19,1,4.9,5.0,4.5,4.7,4.9,5.0,12,0,32613.654
889,2023,56,1,5.0,58,3,1,34,0,12,10,43,4.0,5.0,4.0,5.0,5.0,5.0,27,0,28301.523
890,2022,84,1,5.0,58,3,1,13,0,9,20,3,5.0,5.0,5.0,5.0,5.0,5.0,13,0,32648.797
891,2019,72,2,4.0,66,3,2,16,0,9,20,44939,4.8,4.7,4.7,4.6,4.7,4.8,12,0,27254.889
892,2017,63,2,4.8,42,11,2,14,0,10,33,77372,4.8,4.6,4.8,4.6,4.7,4.8,13,0,27861.559
893,2023,36,1,4.5,81,3,1,34,0,12,4,4,5.0,5.0,5.0,4.0,4.0,5.0,12,0,36436.36
894,2020,61,2,4.7,42,11,2,15,0,2,20,37871,4.8,4.8,4.7,4.6,4.7,4.7,18,0,31887.281
895,2022,14,0,4.7,58,3,2,31,0,2,12,12886,5.0,5.0,5.0,5.0,5.0,5.0,13,0,26783.584
896,2023,39,1,4.0,40,11,1,34,1,12,11,1,5.0,3.0,4.0,4.0,5.0,5.0,13,0,31029.762
897,2013,78,2,4.5,24,11,0,4,0,5,21,120622,4.6,4.5,4.4,4.6,4.4,4.7,25,0,12468.301
898,2022,85,1,4.8,24,3,1,13,0,9,20,3,5.0,5.0,5.0,5.0,5.0,5.0,44,0,32648.797
899,2015,78,2,4.8,80,11,2,8,0,5,21,74208,4.8,4.7,4.7,4.8,4.6,4.9,3,0,17423.953
900,2022,85,1,4.6,58,3,1,13,0,9,20,1,5.0,5.0,5.0,5.0,5.0,5.0,35,0,35429.375
901,2016,17,2,4.8,85,14,2,26,0,7,21,91519,4.8,4.7,4.7,4.7,4.8,4.8,4,0,17074.13
902,2017,82,2,4.7,29,1,1,9,0,7,20,102137,4.8,4.7,4.7,4.6,4.7,4.7,5,0,21250.506
903,2022,14,1,4.9,79,3,2,31,0,2,12,10,5.0,5.0,5.0,5.0,5.0,5.0,29,0,28477.656
904,2021,55,2,4.2,42,11,1,45,0,14,23,19508,4.7,4.6,4.6,4.7,4.7,4.8,39,0,25264.04
905,2017,24,2,4.3,42,3,2,65,0,12,13,46045,4.7,4.7,4.8,4.8,4.8,4.8,26,0,18953.523
906,2022,13,1,3.5,58,3,2,55,0,12,4,3,5.0,5.0,5.0,5.0,5.0,5.0,20,0,27041.814
907,2023,39,1,4.4,58,11,1,34,1,12,11,2,5.0,3.0,4.0,4.0,5.0,5.0,33,0,30397.049
908,2016,86,2,4.8,58,11,1,13,0,9,20,114602,4.7,4.6,4.5,4.4,4.6,4.6,8,0,16973.393
909,2022,15,1,4.5,36,3,2,55,0,12,4,12,5.0,5.0,5.0,5.0,5.0,5.0,9,0,27000.016
910,2023,61,1,4.7,24,3,2,34,0,10,20,1,5.0,5.0,4.0,4.0,4.0,5.0,12,0,36561.258
911,2023,39,1,4.9,58,3,1,34,1,12,11,1,5.0,3.0,4.0,4.0,5.0,5.0,4,0,31029.762
912,2015,2,2,4.8,69,14,2,26,0,7,21,57544,4.7,4.6,4.7,4.7,4.7,4.8,3,0,17049.525
913,2023,56,1,4.9,82,3,1,36,0,13,23,6,4.0,5.0,4.0,5.0,5.0,5.0,17,0,31604.982
914,2022,61,0,4.7,24,3,2,15,0,2,20,17822,4.3,4.4,4.3,4.1,4.3,4.3,12,0,33540.26
915,2022,6,1,4.4,79,3,2,76,1,12,14,3,4.9,5.0,5.0,4.9,4.9,5.0,36,0,26457.52
916,2022,40,2,3.8,29,15,1,34,0,12,9,7588,4.6,4.9,4.5,4.6,4.8,4.7,35,0,28713.28
917,2021,18,2,4.6,16,3,2,31,0,2,12,35433,4.9,4.8,4.8,4.8,4.9,4.8,39,0,26407.568
918,2022,71,1,4.5,24,3,1,11,0,9,20,12,5.0,5.0,4.9,5.0,4.9,5.0,9,0,35215.42
919,2006,35,2,4.0,72,3,2,33,0,5,17,43269,4.5,4.3,4.4,4.6,4.5,4.7,18,0,12119.844
920,2022,84,1,5.0,58,3,1,13,0,9,20,4,5.0,5.0,5.0,5.0,5.0,5.0,18,0,35053.676
921,2022,43,1,4.8,36,11,1,46,0,12,4,10,4.9,4.8,4.7,4.8,4.7,4.9,16,0,26188.97
922,2012,77,2,4.6,1,15,0,4,0,5,21,164278,4.6,4.5,4.5,4.5,4.5,4.7,17,0,11251.797
923,2023,63,1,4.4,58,1,2,34,0,2,20,10,5.0,5.0,4.0,4.0,4.0,5.0,4,0,39084.344
924,2022,13,1,5.0,76,3,2,55,0,12,4,3,5.0,5.0,5.0,5.0,5.0,5.0,39,0,27041.814
925,2017,86,2,4.7,84,3,1,13,0,9,20,154731,4.8,4.7,4.7,4.6,4.7,4.7,42,0,17251.756
926,2016,66,2,4.7,26,22,2,15,0,7,21,76395,4.8,4.6,4.7,4.6,4.7,4.8,33,0,20974.68
927,2010,36,2,4.6,29,3,0,22,0,5,17,112776,4.5,4.6,4.4,4.7,4.5,4.8,42,0,11014.637
928,2015,45,2,4.8,5,15,2,74,1,12,6,58627,4.5,4.7,4.7,4.9,4.9,5.0,13,0,14552.7295
929,2019,61,2,4.6,29,11,2,15,0,2,20,46975,4.8,4.6,4.5,4.3,4.7,4.5,9,0,30454.422
930,2019,94,2,4.8,66,15,1,8,0,7,20,39298,4.9,4.8,4.8,4.6,4.7,4.9,27,0,32812.438
931,2023,61,1,5.0,64,1,2,34,0,2,20,10,5.0,5.0,4.0,4.0,4.0,5.0,29,0,36389.12
932,2010,24,2,5.0,66,11,2,38,0,5,8,133063,4.4,4.5,4.5,4.7,4.6,4.9,16,0,10379.906
933,2023,54,2,4.5,42,3,2,34,0,12,10,6281,4.0,5.0,4.0,5.0,5.0,5.0,8,0,27954.865
934,2023,38,1,5.0,36,3,2,34,1,12,11,16,5.0,3.0,4.0,4.0,5.0,5.0,8,0,30477.568
935,2023,61,1,4.4,29,11,2,34,0,10,20,20,5.0,5.0,4.0,4.0,4.0,5.0,4,0,36275.086
936,2019,63,2,4.0,50,11,2,15,0,9,20,51193,4.8,4.6,4.5,4.3,4.7,4.5,9,0,30772.613
937,2017,53,2,4.8,29,15,2,50,0,12,8,115491,4.6,4.4,4.4,4.5,4.7,4.7,8,0,15347.148
938,2022,6,1,4.8,58,3,2,76,1,17,25,0,4.9,5.0,5.0,4.9,4.9,5.0,9,0,28695.354
939,2011,41,2,4.5,24,11,0,22,0,11,23,145750,4.5,4.4,4.4,4.6,4.5,4.7,42,0,8145.177
940,2019,78,2,5.0,83,1,2,14,0,7,20,70050,4.8,4.7,4.7,4.6,4.7,4.8,34,0,26201.588
941,2004,48,2,4.6,69,11,2,27,0,4,17,111783,4.3,4.7,4.4,4.8,4.4,4.9,42,0,5975.335
942,2023,55,1,4.6,36,11,1,34,0,12,10,3,4.0,5.0,4.0,5.0,5.0,5.0,32,0,28127.098
943,2023,68,1,4.7,36,15,2,34,0,10,20,7,5.0,5.0,4.0,4.0,4.0,5.0,31,0,33444.758
944,2022,71,1,4.7,24,3,1,11,0,9,20,1,5.0,5.0,4.9,5.0,4.9,5.0,12,0,34960.926
945,2021,53,2,4.7,29,15,1,39,0,12,8,39609,4.7,4.6,4.6,4.7,4.7,4.8,40,0,24184.799
946,2022,89,1,4.8,24,3,1,12,0,9,20,3,5.0,5.0,5.0,5.0,5.0,5.0,4,0,32283.135
947,2022,40,1,4.7,76,3,1,73,1,12,14,11,4.6,4.9,4.5,4.6,4.8,4.7,8,0,25368.588
948,2023,39,1,5.0,63,3,1,34,1,12,11,5,5.0,3.0,4.0,4.0,5.0,5.0,12,0,30355.102
949,2023,86,1,3.8,76,3,1,34,0,10,19,1,5.0,4.9,4.6,4.6,5.0,4.9,44,0,33371.07
950,2018,19,2,4.8,29,15,2,65,0,13,23,57535,4.7,4.7,4.8,4.8,4.9,4.8,6,0,21731.371
951,2023,29,1,5.0,58,3,2,34,0,12,4,1,4.7,5.0,4.7,4.3,4.8,5.0,17,0,30809.127
952,2022,89,1,4.9,58,3,1,12,0,9,20,11,5.0,5.0,5.0,5.0,5.0,5.0,29,0,34938.527
953,2015,43,2,4.5,42,11,1,41,0,12,16,40922,4.4,4.4,4.3,4.3,4.6,4.5,33,0,17321.035
954,2017,93,2,5.0,24,18,1,8,0,7,20,51552,4.8,4.7,4.7,4.4,4.7,4.7,11,0,27277.133
955,2022,89,1,5.0,76,3,1,12,0,9,20,5,5.0,5.0,5.0,5.0,5.0,5.0,12,0,35316.76
956,2020,97,2,5.0,5,3,1,11,0,9,20,18204,4.8,4.7,4.6,4.5,4.7,4.7,36,0,30727.014
957,2019,72,0,4.4,6,3,1,11,0,9,20,24450,4.8,4.7,4.7,4.6,4.7,4.8,33,0,29446.54
958,2021,73,2,5.0,58,15,2,16,0,9,20,44193,4.9,4.7,4.8,4.6,4.8,4.8,8,0,26759.875
959,2023,80,1,5.0,42,3,2,34,0,2,19,3,4.7,4.7,4.6,4.5,4.9,5.0,8,0,29813.45
960,2016,24,2,4.6,29,3,2,66,0,13,23,83899,4.6,4.6,4.6,4.6,4.8,4.6,42,0,18514.027
961,2022,84,1,4.6,58,3,1,13,0,9,20,5,5.0,5.0,5.0,5.0,5.0,5.0,5,0,34688.44
962,2022,89,1,4.7,58,3,1,12,0,9,20,59,5.0,5.0,5.0,5.0,5.0,5.0,44,0,34270.426
963,2023,89,1,3.5,76,3,1,34,0,10,19,6,5.0,3.8,4.7,4.8,4.3,4.6,8,0,33642.93
964,2023,38,1,4.4,40,3,2,34,1,12,11,10,5.0,3.0,4.0,4.0,5.0,5.0,4,0,30550.83
965,2021,65,2,4.0,50,3,2,15,0,2,20,29438,5.0,5.0,4.9,4.8,4.8,5.0,8,0,30404.0
966,2008,24,2,4.4,5,11,2,42,0,6,8,126984,4.2,4.4,4.3,4.5,4.5,4.7,33,0,5973.181
967,2016,35,2,4.6,29,11,2,41,0,12,16,107181,4.6,4.5,4.6,4.6,4.7,4.7,8,0,16819.145
968,2018,43,2,4.4,84,14,2,50,0,12,4,61916,4.8,4.7,4.7,4.6,4.7,4.7,40,0,19570.32
969,2023,94,1,4.8,64,3,1,34,0,9,20,2,5.0,4.8,4.8,4.2,5.0,5.0,12,0,40815.96
970,2021,84,2,4.4,36,11,1,13,0,9,20,16265,4.9,4.8,4.8,4.7,4.7,4.8,10,0,31194.826
971,2023,0,1,4.8,28,11,2,34,0,12,2,12,4.8,4.7,4.9,5.0,4.9,4.8,8,0,30012.076
972,2023,56,1,4.6,83,3,1,34,0,15,10,0,4.0,5.0,4.0,5.0,5.0,5.0,20,0,29765.28
973,2023,39,1,4.9,58,3,1,34,1,12,11,14,5.0,3.0,4.0,4.0,5.0,5.0,6,0,30477.568
974,2023,39,1,3.1,79,3,1,34,1,12,11,8,5.0,3.0,4.0,4.0,5.0,5.0,13,0,30700.088
975,2014,41,2,4.5,29,11,2,62,0,11,26,47863,4.5,4.5,4.5,4.5,4.6,4.7,3,0,17661.521
976,2016,63,2,4.7,69,11,2,15,0,7,21,131948,4.8,4.6,4.7,4.6,4.7,4.8,25,0,21378.373
977,2022,75,1,4.2,76,3,1,13,0,9,20,2,5.0,5.0,5.0,5.0,5.0,5.0,42,0,34061.02
978,2023,28,1,4.8,36,15,2,34,0,8,10,5,4.8,5.0,5.0,4.6,4.4,4.9,39,0,32535.027
979,2022,71,2,4.5,58,15,1,11,0,9,20,787,5.0,5.0,4.9,5.0,4.9,5.0,44,0,33764.496
980,2023,61,1,5.0,36,15,2,34,0,10,20,0,5.0,5.0,4.0,4.0,4.0,5.0,30,0,36582.043
981,2023,25,1,4.2,24,18,2,49,0,15,27,1,5.0,4.9,4.2,4.9,4.7,5.0,29,0,34994.805
982,2017,96,2,4.8,84,3,1,8,0,7,20,158038,4.8,4.7,4.7,4.4,4.7,4.7,22,0,18042.402
983,2021,70,2,3.3,24,3,1,11,0,9,20,22297,4.9,4.7,4.8,4.6,4.8,4.8,37,0,31007.52
984,2023,95,1,4.6,36,3,1,34,0,10,20,5,5.0,4.8,4.8,4.2,5.0,5.0,8,0,42674.562
985,2022,89,1,4.7,58,3,1,12,0,9,20,10,5.0,5.0,5.0,5.0,5.0,5.0,40,0,35023.074
986,2022,70,1,4.6,50,15,1,11,0,9,20,5,5.0,5.0,4.9,5.0,4.9,5.0,12,0,35861.34
987,2012,24,2,4.5,5,11,2,53,0,5,8,98917,4.3,4.3,4.4,4.6,4.5,4.8,4,0,11707.87
988,2023,67,1,5.0,57,3,2,34,0,2,20,10,5.0,5.0,4.0,4.0,4.0,5.0,42,0,34839.145
989,2010,63,2,4.3,12,15,2,5,0,10,24,251557,4.6,4.4,4.3,4.3,4.4,4.6,37,0,11041.565
990,2019,58,2,4.9,83,3,2,84,1,12,5,59888,4.6,4.8,4.5,4.7,4.8,4.8,40,0,21798.287
991,2022,6,1,5.0,76,3,2,76,1,12,14,8,4.9,5.0,5.0,4.9,4.9,5.0,27,0,27021.846
992,2022,6,1,4.6,76,3,2,76,1,12,14,8,4.9,5.0,5.0,4.9,4.9,5.0,4,0,27021.846
993,2023,35,1,4.7,36,15,1,34,0,12,4,4,5.0,5.0,5.0,4.0,4.0,5.0,42,0,33517.07
994,2022,85,1,4.2,58,3,1,13,0,9,20,2,5.0,5.0,5.0,5.0,5.0,5.0,16,0,33604.57
995,2022,53,1,4.9,61,23,1,39,0,14,23,8069,3.8,3.2,3.6,3.6,4.2,4.2,17,0,28724.602
996,2023,36,1,4.7,82,3,1,34,0,12,4,0,5.0,5.0,5.0,4.0,4.0,5.0,25,0,36617.465
997,2008,90,2,4.6,29,11,0,1,0,5,21,184506,4.6,4.3,4.6,4.6,4.4,4.8,35,0,6141.229
998,2022,85,1,4.0,30,15,1,13,0,9,20,12,5.0,5.0,5.0,5.0,5.0,5.0,14,0,34471.53
999,2023,93,1,5.0,76,3,1,34,0,9,20,11,5.0,4.8,4.8,4.2,5.0,5.0,29,0,40920.734
1000,2022,28,1,4.7,24,3,2,60,0,12,10,5163,4.6,4.9,4.4,4.6,4.6,4.7,8,0,30074.377
1001,2021,31,2,4.0,55,18,2,28,0,8,12,3562,5.0,4.8,5.0,4.8,4.8,5.0,5,0,36600.06
1002,2019,77,2,3.9,69,11,1,9,0,7,20,36148,4.8,4.7,4.7,4.6,4.7,4.8,4,0,30497.44
1003,2019,32,2,4.8,9,18,2,28,0,8,12,35912,4.6,4.7,5.0,4.8,4.8,4.8,13,0,28915.035
1004,2022,6,2,4.7,9,3,2,76,1,12,14,10769,4.9,5.0,5.0,4.9,4.9,5.0,13,0,27278.37
1005,2022,78,1,5.0,58,3,1,13,0,9,20,5,5.0,5.0,5.0,5.0,5.0,5.0,31,0,35102.234
1006,2011,35,2,4.5,58,15,0,22,0,5,17,153007,4.5,4.4,4.4,4.6,4.5,4.7,9,0,7814.5103
1007,2023,28,1,5.0,0,3,2,34,0,12,10,6,4.8,5.0,5.0,5.0,4.2,5.0,40,0,30665.244
1008,2023,35,1,4.5,58,15,1,34,0,12,4,3,5.0,5.0,5.0,4.0,4.0,5.0,15,0,32873.12
1009,2021,35,2,5.0,42,3,2,50,0,12,4,39034,4.9,4.8,4.8,4.8,4.9,4.9,40,0,26583.258
1010,2023,74,1,4.5,58,15,1,34,0,10,20,5,4.5,5.0,4.5,4.5,4.8,4.9,40,0,31978.295
1011,2019,59,2,4.8,85,14,2,78,1,12,5,25440,4.6,4.8,4.5,4.7,4.8,4.8,40,0,23731.227
1012,2015,78,2,4.2,24,11,0,4,0,5,21,101444,4.8,4.7,4.7,4.8,4.6,4.9,32,0,15251.421
1013,2023,27,1,4.8,65,18,2,49,0,15,27,0,5.0,4.6,4.5,4.3,3.9,4.8,9,0,35426.57
1014,2022,29,2,4.6,74,3,2,60,0,13,23,5639,4.6,4.9,4.4,4.6,4.6,4.7,23,0,31166.533
1015,2020,63,0,4.4,42,11,2,15,0,2,20,31599,4.8,4.8,4.7,4.6,4.7,4.7,4,0,34609.97
1016,2022,13,1,5.0,58,3,2,55,0,13,23,4,5.0,5.0,5.0,5.0,5.0,5.0,34,0,27844.924
1017,2022,68,2,5.0,58,3,2,15,0,10,33,4551,4.3,4.4,4.3,4.1,4.3,4.3,13,0,36917.31
1018,2021,72,0,4.2,24,3,1,11,0,9,20,29236,4.9,4.7,4.8,4.6,4.8,4.8,8,0,30860.404
1019,2023,36,1,4.4,14,3,2,34,0,12,4,11,5.0,5.0,5.0,4.0,4.0,5.0,37,0,36343.227
1020,2008,24,2,4.7,48,14,2,38,0,5,8,186163,4.2,4.4,4.3,4.5,4.5,4.7,1,0,5570.227
1021,2013,35,2,5.0,29,11,1,29,0,5,17,102000,4.5,4.5,4.5,4.5,4.5,4.6,32,0,11404.866
1022,2019,96,2,4.9,24,3,1,8,0,7,20,39124,4.9,4.8,4.8,4.6,4.7,4.9,21,0,29612.865
1023,2017,25,2,4.8,85,3,2,52,0,8,4,48283,4.7,4.7,4.8,4.8,4.8,4.8,6,0,20423.133
1024,2022,85,1,5.0,58,3,1,13,0,9,20,20,5.0,5.0,5.0,5.0,5.0,5.0,25,0,34171.824
1025,2022,76,1,5.0,42,3,1,13,0,9,34,4,5.0,5.0,5.0,5.0,5.0,5.0,34,0,39739.547
1026,2019,72,2,4.0,69,3,1,11,0,9,20,28610,4.8,4.7,4.7,4.6,4.7,4.8,46,0,30154.35
1027,2023,93,1,4.6,58,3,1,34,0,10,20,8,5.0,4.8,4.8,4.2,5.0,5.0,4,0,41159.44
1028,2022,85,1,4.5,24,15,1,13,0,9,20,5,5.0,5.0,5.0,5.0,5.0,5.0,9,0,34688.44
1029,2022,12,1,4.9,24,3,2,31,0,10,29,0,5.0,5.0,5.0,5.0,5.0,5.0,8,0,38128.395
1030,2020,10,2,4.7,34,15,2,61,0,12,4,60488,4.8,4.8,4.8,4.8,4.9,4.9,13,0,21725.229
1031,2023,28,1,4.7,36,3,2,34,0,12,10,7,4.6,4.7,4.4,4.4,5.0,4.9,9,0,29168.234
1032,2019,41,0,4.7,58,15,2,40,0,14,23,41606,4.8,4.8,4.7,4.7,4.8,4.8,22,0,23848.006
1033,2022,14,1,5.0,79,3,2,31,0,2,12,40,5.0,5.0,5.0,5.0,5.0,5.0,29,0,28363.957
